"Response.ID","Time.Started","Date.Submitted","Contact.ID","SessionID","section","gender","prof","rotc","major","gradYr","formalExp","informalExp","VMIbenefits","val_1","val_2","val_3","val_4","val_5","val_6","val_7","val_8","val_9","val_10","val_11","val_12","val_13","val_14","val_15","val_16","val_17","val_18","val_19","val_20","val_21","uh_1","uh_2","uh_3","uh_4","uh_5","uh_6","uh_7","uh_8","uh_9","uh_10","uh_11","uh_12","uh_13","uh_14","uh_15","uh_16","uh_17","uh_18","uh_19","uh_20","ili_1","ili_2","ili_3","ili_4","ili_5","ili_6","ili_7","ili_8","ili_9","ili_10","ili_11","ili_12","ili_13","ili_14","ili_15","bfi_1","bfi_2","bfi_3","bfi_4","bfi_5","bfi_6","bfi_7","bfi_8","bfi_9","bfi_10","bfi_11","bfi_12","bfi_13","bfi_14","bfi_15","bfi_16","bfi_17","bfi_18","bfi_19","bfi_20","bfi_21","bfi_22","bfi_23","bfi_24","bfi_25","bfi_26","bfi_27","bfi_28","bfi_29","bfi_30","bfi_31","bfi_32","bfi_33","bfi_34","bfi_35","bfi_36","bfi_37","bfi_38","bfi_39","bfi_40","bfi_41","bfi_42","bfi_43","bfi_44","ffmq_1","ffmq_2","ffmq_3","ffmq_4","ffmq_5","ffmq_6","ffmq_7","ffmq_8","ffmq_9","ffmq_10","ffmq_11","ffmq_12","ffmq_13","ffmq_14","ffmq_15","uh.vmi_1","uh.vmi_2","uh.vmi_3","uh.vmi_4","uh.vmi_5","uh.vmi_6","uh.vmi_7","uh.vmi_8","uh.vmi_9","auth_1","auth_2","auth_3","auth_4","auth_5","auth_6","auth_7","auth_8","auth_9","auth_10","auth_11","auth_12","auth_13","auth_14","grt_1","grt_2","grt_3","grt_4","hum_1","grt_5","grt_6","grt_7","grt_8","hum_2","chalFreq","leadChal_1","leadChal_2","leadChal_3","leadChal_4","leadChal_5","leadChal_6","leadChal_7","leadChal_8","leadChal_9","leadChal_10","leadChal_11","leadChal_12","leadChal_13","sc.hw_1","sc.hw_2","sc.hw_3","sc.hw_4","sc.hw_5","sc.hw_6","sc.hw_7","sc.hw_8","sc.hw_9","sc.hw_10","dis_1","dis_2","dis_3","dis_4","dis_5","dis_6","tfl_1","tfl_2","tfl_3","tfl_4","tfl_5","tfl_6","tfl_7","tfl_8","tfl_9","tfl_10","tfl_11","tfl_12","tfl_13","tfl_14","tfl_15","tfl_16","tfl_17","tfl_18","brs_1","brs_2","brs_3","brs_4","brs_5","brs_6","narc_1","narc_2","narc_3","narc_4","narc_5","narc_6","narc_7","narc_8","narc_9","narc_10","narc_11","narc_12","narc_13","narc_14","sc.now_1","sc.now_4","sc.now_5","sc.now_6","sc.now_7","sc.now_8","sc.now_9","sc.now_10","gpa","uh.now","cumTime","currentDate","currentTime"
24,"2/13/17 16:22","2/15/17 13:53",104496557,"22d3bf31077fc75c3ebbb75bd27e0c17","PS-344-06",1,"Cotting","MS","CE",2019,3,3,3,4,2,5,3,5,2,4,4,5,4,5,4,3,5,5,4,4,4,3,3,3,6,6,6,6,6,6,6,6,6,6,6,6,6,6,6,6,6,6,6,6,6,6,6,5,6,4,6,5,4,6,5,6,5,5,6,7,2,6,5,6,6,6,1,2,6,6,2,6,1,6,6,6,3,6,6,3,6,3,2,6,6,2,6,6,5,3,6,6,3,2,5,2,6,5,5,2,5,2,5,2,2,1,2,3,3,2,1,1,2,3,3,2,2,3,6,6,6,6,6,6,6,6,6,5,5,5,5,5,5,5,5,5,5,5,5,5,5,3,3,3,3,3,3,3,3,3,3,4,4,5,5,5,7,6,5,6,5,5,5,5,5,2,0,8,8,8,4,6,7,6,6,2,8,1,3,6,2,4,5,6,4,4,6,5,6,6,7,5,6,3,6,5,6,6,6,6,3,6,6,6,6,1,0,1,1,1,0,1,0,1,0,1,0,1,1,9,3,7,5,8,7,8,8,2.8,9,163886,"2/15/17","1:50 PM"
25,"2/13/17 16:23","2/23/17 10:45",104496538,"443da408b0fc9e1f5c8ef5ff329d089c","PS-344-05",1,"Cotting","NSX","CE",2019,3,2,3,3,4,4,4,3,3,5,4,5,3,4,4,3,3,3,4,4,4,5,4,5,2,2,6,6,7,7,6,5,6,5,5,5,6,5,6,4,5,4,4,7,3,6,6,5,5,2,5,6,6,6,5,5,6,6,5,2,1,5,2,1,3,3,5,2,5,6,1,6,5,3,3,2,7,3,3,3,5,2,5,3,5,2,6,5,1,3,1,7,3,1,5,1,5,5,2,4,3,3,5,0,1,2,2,0,3,0,0,3,2,2,1,2,4,1,6,2,6,0,0,5,0,3,0,5,5,3,4,5,5,5,5,3,5,4,4,3,6,3,5,5,4,2,3,4,5,5,2,3,5,3,4,5,6,5,6,3,4,5,2,5,5,6,4,3,4,1,6,1,6,6,8,3,4,7,1,8,1,4,5,3,2,5,4,2,2,4,6,7,5,5,4,4,1,5,4,1,6,7,5,5,7,1,0,0,1,0,1,1,0,0,1,1,1,0,0,6,1,3,3,3,1,8,2,3.72,3,843703,"2/23/17","10:44 AM"
26,"2/13/17 17:02","2/22/17 17:06",104496665,"4c6468cf90785ed9bdcf85dbbdd02b44","PS-344-02",1,"Jarman","NSX","PY",2019,3,3,3,3,3,3,3,1,4,3,4,4,3,4,4,4,3,5,3,3,3,4,4,3,6,6,8,7,6,3,8,7,7,6,8,3,6,4,7,3,3,5,4,7,7,7,6,7,7,7,6,7,7,7,7,6,7,7,7,2,6,6,1,6,3,6,5,1,6,5,4,7,3,6,6,6,4,3,6,4,6,5,1,6,7,4,4,4,4,4,6,6,1,2,4,5,6,2,5,3,6,3,2,3,3,2,3,3,3,3,2,2,3,4,3,2,3,4,6,8,6,6,8,6,7,6,6,7,6,5,5,6,7,6,6,6,6,5,6,5,6,2,5,3,5,3,2,4,4,4,3,4,6,6,6,6,5,1,6,6,6,5,5,5,5,2,4,6,8,7,3,3,3,6,4,2,3,7,3,2,5,6,5,4,4,6,6,4,6,5,6,6,6,6,3,6,4,6,6,5,6,6,6,2,6,0,1,0,1,1,0,0,1,1,1,1,1,1,0,5,4,5,8,7,4,8,8,2.4,9,777834,"2/22/17","5:05 PM"
27,"2/13/17 17:13","2/13/17 18:03",104496653,"6a83a373978a9657ad990abbe8fbf6da","PS-344-01",1,"Jarman","MSC","EC",2019,3,3,4,2,2,5,3,2,5,2,4,3,1,5,3,5,2,5,2,3,5,3,4,1,6,7,5,4,5,6,5,4,3,4,5,5,8,6,6,4,4,5,3,6,7,6,5,5,5,6,6,5,7,7,6,5,4,6,7,5,3,7,4,4,3,5,7,1,6,5,4,7,7,5,5,5,7,2,5,4,7,7,2,4,6,2,6,3,2,7,5,7,1,5,6,3,7,2,5,3,4,6,2,1,1,4,4,4,2,2,2,2,2,2,1,3,3,2,7,8,6,5,8,8,4,5,6,6,5,3,6,7,5,7,6,5,6,2,5,6,3,4,1,2,5,4,5,5,5,4,4,4,5,6,6,6,6,5,5,5,7,4,6,5,5,4,6,8,6,6,7,6,5,6,6,3,2,5,4,2,3,7,5,6,4,5,7,7,6,5,3,5,6,7,6,5,4,6,7,6,6,6,6,2,6,1,1,0,0,1,0,0,1,1,1,1,0,1,0,9,8,9,9,9,8,9,9,4,9,2986,"2/13/17","6:02 PM"
28,"2/13/17 17:40","2/14/17 15:20",104496677,"dba8ae7205f8d620529f57650b261aa6","PS-344-02",2,"Jarman","AS","AM",2019,2,1,2,3,3,5,3,5,2,2,4,5,5,5,5,4,4,3,4,5,5,3,4,4,4,2,4,3,6,0,2,5,3,4,3,4,4,3,4,4,2,4,3,4,6,6,6,5,6,5,7,5,6,7,6,7,7,7,6,7,4,5,1,3,3,6,6,4,5,7,5,6,5,4,7,6,7,6,4,7,6,3,4,4,6,5,7,5,4,5,6,6,5,2,7,5,6,5,3,6,6,3,3,2,0,2,3,1,1,0,1,2,1,2,0,1,2,1,7,7,5,2,7,7,3,6,4,6,5,2,5,6,4,6,6,6,7,5,4,6,5,3,3,2,5,4,2,3,5,5,4,2,5,4,4,5,4,6,6,4,5,4,4,4,4,4,4,6,4,6,4,4,6,6,8,3,4,7,7,2,5,5,4,4,4,6,6,5,6,5,5,6,6,5,5,5,5,6,6,5,4,4,4,4,4,0,1,1,1,1,0,0,1,1,1,1,1,1,0,6,6,8,6,2,6,8,9,3.676,7,77990,"2/14/17","3:20 PM"
29,"2/13/17 17:45","2/20/17 21:18",104496629,"dfdf82ed71e12774efac93fa599bcfae","PS-344-10",1,"Barber","MSX","EC",2019,2,2,2,4,4,4,4,4,4,4,4,4,4,4,4,4,4,4,4,4,4,4,4,4,7,7,7,7,7,7,7,7,7,7,7,7,7,7,7,7,7,7,7,7,6,6,6,6,6,6,6,6,6,6,6,6,6,6,6,6,2,6,6,6,2,6,2,2,6,6,2,6,6,6,6,6,2,6,6,2,6,2,2,6,6,2,6,6,6,2,6,6,2,2,6,2,6,6,6,2,6,2,6,3,3,1,1,3,3,1,1,1,3,3,3,1,1,3,8,8,8,8,8,8,4,8,5,6,7,6,6,7,7,7,7,3,2,5,6,6,6,3,4,2,5,5,2,2,3,4,5,4,6,6,6,6,6,6,6,6,6,6,4,6,5,4,3,4,7,4,4,3,5,5,5,3,6,5,3,3,3,5,6,6,6,6,6,5,6,5,6,6,6,4,6,6,6,6,6,6,5,6,5,5,4,0,0,0,1,1,0,0,1,0,1,0,1,1,0,9,8,9,9,5,6,9,9,2.5,9,617580,"2/20/17","9:18 PM"
30,"2/13/17 18:03","2/13/17 21:59",104496553,"02141de861285e0301e15b89bcbe66a7","PS-344-06",1,"Cotting","MS","EC",2019,2,2,3,4,3,5,4,3,4,4,5,5,4,4,4,5,4,4,5,5,5,4,4,4,6,6,6,6,4,6,7,6,6,6,7,6,6,4,6,8,3,6,4,4,6,6,6,6,6,5,6,7,6,6,6,6,6,6,6,6,1,6,1,6,4,5,4,1,6,6,4,6,6,6,6,4,7,1,6,4,6,4,1,6,6,4,6,4,5,4,6,6,1,2,5,5,5,2,5,3,4,5,6,3,3,4,4,2,3,2,2,4,1,3,2,2,2,1,8,0,0,8,8,8,8,8,8,7,7,7,7,7,7,7,7,7,7,7,7,7,7,5,1,3,5,5,5,4,5,5,5,4,6,6,6,7,6,6,6,6,6,6,6,6,6,8,8,8,7,8,4,6,6,6,6,7,3,9,3,1,7,7,7,7,7,7,7,7,7,7,7,7,7,7,7,7,7,7,7,1,7,7,7,1,7,1,1,0,1,1,1,1,1,1,1,1,1,1,0,9,8,9,1,9,8,9,9,3.81,9,14161,"2/13/17","9:59 PM"
31,"2/13/17 18:08","2/15/17 21:24",104496701,"124b073089289a9f5dbf5a92e07413b7","PS-344-03",1,"Jarman","ASX","EC",2019,2,2,1,2,1,2,2,1,4,3,4,3,3,4,4,2,2,4,2,3,5,4,4,2,8,7,7,6,8,8,8,7,7,8,8,7,8,8,8,2,6,8,2,8,7,6,7,5,6,6,6,7,7,7,7,5,7,6,7,4,3,5,3,4,4,4,4,2,5,5,3,6,5,4,5,4,6,3,4,4,4,6,4,3,5,5,6,5,2,5,4,4,3,4,4,3,6,3,4,4,4,4,4,3,2,2,3,2,2,2,3,1,2,2,3,2,3,2,7,7,7,6,7,7,7,8,6,6,6,6,6,6,6,6,6,6,6,6,6,6,6,3,3,3,4,3,4,3,4,3,4,2,6,6,6,6,6,6,6,6,6,6,5,6,6,1,1,4,4,4,3,2,3,4,4,3,4,5,4,2,3,6,6,4,4,5,5,6,6,5,5,6,6,6,3,4,6,6,6,6,6,6,6,6,6,0,1,1,0,1,1,0,1,1,1,1,1,1,0,6,6,8,5,6,4,7,6,3.49,5,184540,"2/15/17","9:24 PM"
32,"2/13/17 17:57","2/20/17 0:14",104496675,"0762e59ae6f52a3f7ea56715d545b7d0","PS-344-02",2,"Jarman","ASX","ME",2019,1,2,3,3,1,5,5,4,4,5,5,5,2,3,5,3,4,5,5,4,5,3,3,4,6,6,6,4,5,8,6,6,8,6,6,6,6,5,8,5,4,5,4,7,7,7,7,7,7,7,7,7,7,7,7,7,7,7,7,5,6,7,1,6,2,7,5,2,7,7,7,7,1,7,5,7,6,5,6,3,7,6,1,5,3,6,6,1,7,4,7,7,2,2,5,7,7,4,7,5,7,4,5,2,2,3,3,2,4,2,3,4,1,3,1,3,4,2,8,8,5,4,6,8,5,8,5,7,7,7,7,7,7,7,6,7,7,7,7,7,7,3,4,3,5,5,4,4,4,5,5,2,6,6,7,7,7,7,6,6,7,6,5,7,5,4,5,6,6,7,2,5,5,8,4,4,6,3,6,3,3,6,6,7,3,5,7,6,7,6,4,5,6,6,5,5,6,4,7,5,5,5,5,2,5,1,0,0,0,0,0,0,1,1,1,1,0,1,1,4,6,5,3,6,4,7,6,2.76,5,541064,"2/20/17","12:14 AM"
33,"2/13/17 18:13","2/14/17 14:49",104496652,"0b28f04d298903671d762023127e78e1","PS-344-01",1,"Jarman","AS","PS",2019,3,3,3,5,2,5,3,1,5,4,4,4,3,3,4,4,4,5,3,3,5,3,5,4,6,6,5,5,5,4,5,6,5,5,5,5,5,5,6,2,4,5,3,5,6,6,6,6,6,5,6,6,6,6,6,6,6,6,4,5,5,4,2,4,5,6,3,4,5,5,6,5,5,4,4,5,3,3,6,5,7,4,4,5,5,4,5,4,4,5,6,5,4,5,6,5,5,4,5,3,5,2,2,3,3,1,1,0,3,3,1,0,0,4,1,2,2,1,4,2,4,2,0,4,2,2,2,7,7,6,5,7,6,7,5,1,4,3,2,1,2,1,3,2,3,5,1,1,3,5,5,4,7,7,6,7,7,7,6,7,6,7,7,7,7,0,0,5,4,4,0,0,8,0,0,1,9,9,9,1,1,7,7,7,7,7,7,7,7,4,6,6,7,2,2,3,3,4,7,7,2,5,2,7,2,1,0,1,0,1,0,1,1,0,1,0,1,0,1,1,8,1,1,1,8,1,1,1.9,9,74143,"2/14/17","2:49 PM"
34,"2/13/17 16:21","2/22/17 8:33",104496567,"8018fe3f7f80d219b141ef7b1909b350","PS-344-07",1,"Cotting","NS","AM",2017,3,2,2,2,1,5,3,4,2,3,4,3,2,4,5,4,3,2,3,4,4,1,2,2,7,4,4,5,6,7,4,3,6,1,2,2,4,6,3,2,2,2,2,6,5,6,6,3,2,3,5,5,2,5,5,5,3,5,5,3,2,5,1,3,4,2,6,3,4,3,7,3,6,3,2,2,6,5,3,4,2,3,7,2,2,6,5,3,2,3,7,5,3,3,6,6,5,2,2,3,1,3,2,4,4,3,1,4,4,3,3,0,3,3,3,3,1,4,6,8,2,1,6,6,2,2,6,6,2,2,5,5,3,3,2,6,5,5,6,5,3,3,4,2,2,2,3,4,2,4,2,2,3,2,3,5,2,2,5,2,2,3,1,3,3,1,2,3,6,6,1,3,6,4,5,8,8,3,8,7,7,2,1,2,3,2,2,5,3,1,6,5,3,5,1,1,6,2,3,5,5,3,6,5,6,0,1,0,1,1,0,0,1,1,1,1,1,1,1,1,6,1,1,1,0,1,1,3,7,749523,"2/22/17","8:33 AM"
35,"2/13/17 18:54","2/26/17 15:35",104496548,"3e9eed0d70bd31a2330584604314fc03","PS-344-06",1,"Cotting","AS","CE",2019,3,2,3,4,2,5,2,1,3,1,4,5,2,4,4,3,2,3,3,1,4,2,4,3,5,4,5,4,6,6,4,1,4,6,3,4,4,1,5,4,0,2,4,4,4,4,5,3,5,3,3,5,4,5,5,5,3,5,4,5,5,4,1,5,7,5,3,4,5,4,5,5,3,5,5,3,5,2,6,5,6,3,2,5,5,5,5,2,4,6,5,4,3,4,6,4,5,2,5,4,4,5,4,1,2,3,3,2,1,2,3,4,1,1,2,3,4,3,2,3,4,2,1,3,0,6,4,4,5,4,4,6,5,6,4,6,5,4,4,5,5,4,2,4,4,4,4,4,4,4,4,2,4,4,5,5,4,4,4,4,4,4,4,5,4,4,4,5,6,6,4,4,4,6,7,5,4,9,4,2,3,5,5,5,5,5,6,6,6,4,5,6,6,6,4,4,4,5,5,5,3,4,4,4,4,1,1,0,0,1,0,0,1,1,1,1,1,1,0,4,1,6,5,7,1,5,6,NA,7,1111222,"2/26/17","3:35 PM"
36,"2/13/17 19:25","2/16/17 21:02",104496671,"c7ff2ed57a3b203fb85528aa61c5e5d8","PS-344-02",1,"Jarman","AS","EC",2019,2,3,2,3,2,4,3,5,4,4,4,5,3,4,4,3,5,3,5,4,5,5,4,5,6,5,4,2,7,6,4,6,5,5,2,5,7,1,8,4,2,2,2,2,5,6,7,4,3,3,4,2,5,6,3,3,5,5,3,2,4,6,1,3,2,6,5,2,5,4,7,7,2,3,2,6,2,4,5,2,7,3,1,2,2,5,6,2,5,2,7,6,2,2,2,7,6,5,5,3,6,6,1,3,1,3,1,2,3,1,1,3,1,0,1,2,2,1,6,8,5,2,8,8,5,8,8,5,6,6,5,6,7,6,7,5,6,6,4,6,7,4,3,3,5,5,4,5,5,5,5,2,4,2,3,6,2,7,6,2,6,4,2,6,4,3,6,6,8,4,3,6,4,8,5,5,7,5,3,4,4,6,3,4,6,6,6,5,5,3,7,6,6,6,2,3,5,6,6,5,6,5,6,4,5,0,0,0,0,1,0,0,1,0,1,1,1,0,0,6,6,5,5,5,4,9,9,3.3,8,265035,"2/16/17","9:02 PM"
37,"2/13/17 19:30","2/17/17 8:00",104496552,"005d7cd2c04841d167aca75ab1501a6f","PS-344-06",1,"Cotting","MS","PS",2019,2,4,4,5,2,3,2,2,3,2,4,5,4,4,3,2,2,4,2,2,3,3,2,3,6,6,6,6,5,7,6,6,7,5,6,4,8,6,4,4,4,4,3,6,6,6,6,6,6,5,6,6,6,7,6,6,6,6,6,7,4,6,3,7,4,6,4,2,7,7,4,6,5,6,6,7,6,3,7,6,7,7,3,7,2,6,7,3,3,4,6,6,2,4,6,6,7,3,6,3,6,6,2,3,3,1,2,3,3,1,1,3,2,2,3,2,3,3,5,7,7,4,4,7,5,5,6,6,6,6,4,5,5,5,5,6,6,6,6,6,3,3,4,2,4,4,3,4,4,5,4,3,5,5,5,5,5,6,6,6,6,6,5,5,5,3,5,4,4,3,2,4,4,6,5,3,2,1,9,2,3,6,5,4,4,5,6,6,6,4,6,5,6,2,5,5,4,6,6,6,6,2,6,5,5,1,1,0,0,1,0,0,1,1,1,1,1,1,1,8,6,8,7,7,5,8,8,3.616,7,304162,"2/17/17","7:59 AM"
38,"2/13/17 19:38","2/13/17 20:31",104496521,"3b725c8be1468fe495b92bf8b3b4c785","PS-344-08",1,"Mason","NSX","ME",2019,2,2,3,4,3,5,2,3,3,4,5,4,2,4,4,3,5,3,4,4,5,2,4,3,3,5,5,3,8,1,7,6,2,6,4,4,8,3,7,5,3,4,5,3,6,6,6,5,6,5,5,4,6,6,7,5,6,7,6,2,5,6,1,5,2,6,5,2,6,5,6,7,3,5,3,5,7,3,5,2,6,6,2,4,3,3,6,5,5,2,4,6,2,4,3,5,6,3,6,4,6,5,3,2,2,3,3,3,1,2,3,4,3,1,2,3,3,2,6,8,6,6,7,8,5,7,7,6,6,3,4,6,6,6,6,3,6,6,6,6,7,2,3,4,4,4,4,4,5,4,4,2,5,6,6,6,5,6,6,6,6,5,5,7,4,2,5,7,5,3,2,5,4,6,5,4,2,3,3,5,4,6,6,5,4,6,6,5,5,4,5,5,6,7,4,4,5,5,6,6,6,6,5,5,4,0,1,0,1,0,1,0,0,0,1,0,0,0,0,4,6,8,6,7,5,9,7,3.91,7,3163,"2/13/17","8:31 PM"
39,"2/13/17 19:23","2/13/17 20:25",104496659,"598790aadb8e5b009c85fba2309b0e4c","PS-344-01",1,"Jarman","ASX","PS",2019,3,3,2,3,4,4,4,3,5,2,2,4,4,4,4,5,2,5,2,3,5,3,4,5,4,4,6,3,3,4,3,4,4,2,3,6,6,3,6,6,3,4,6,4,6,6,6,5,7,4,6,4,5,7,5,6,5,6,6,7,6,6,3,6,6,7,1,4,6,7,6,7,5,5,7,6,3,6,7,7,6,3,2,6,5,5,5,4,6,5,6,5,4,3,7,3,3,2,5,3,6,2,5,2,2,1,2,1,2,2,2,2,3,3,1,3,2,3,2,4,5,3,4,6,3,8,4,5,6,5,5,6,5,6,6,4,5,3,4,5,6,3,3,2,5,4,4,3,3,4,5,4,6,5,6,4,5,5,6,5,5,4,4,5,5,2,0,3,3,4,2,6,4,4,7,3,2,9,5,2,2,6,6,5,5,6,6,5,7,5,6,6,6,6,3,4,5,6,6,5,6,6,5,3,6,1,1,0,1,1,0,0,1,0,1,1,0,1,0,3,3,4,2,8,5,7,9,2.77,3,3692,"2/13/17","8:25 PM"
40,"2/13/17 20:08","2/13/17 21:59",104496590,"db66c4a2c6701394785b0b0cce45dd93","PS-344-04",1,"Barber","MSX","EC",2019,2,3,4,3,2,5,2,2,3,3,5,4,4,4,5,2,3,4,3,2,5,3,3,4,6,6,5,6,6,6,5,5,6,2,6,6,6,5,8,4,5,5,4,6,6,7,6,6,6,6,6,6,6,6,6,6,6,6,6,4,4,6,2,5,5,5,6,2,6,6,4,6,5,7,6,5,6,3,6,4,3,6,2,5,5,3,6,2,5,6,6,5,3,6,6,4,5,2,6,5,5,6,5,3,4,3,2,3,3,3,2,3,2,2,0,2,3,3,2,6,8,6,4,6,8,4,8,6,6,6,6,6,6,6,6,6,6,6,6,6,6,4,4,3,4,3,4,5,4,4,3,4,6,6,6,6,6,6,6,6,6,6,6,6,6,4,4,4,6,6,6,6,4,6,6,3,5,7,7,3,3,6,6,6,6,6,6,6,6,6,5,6,6,6,6,6,6,6,6,6,6,6,6,6,6,1,0,0,0,1,0,0,1,1,1,0,0,1,0,3,6,7,1,3,4,1,1,3.45,9,6668,"2/13/17","9:59 PM"
41,"2/13/17 20:09","2/13/17 21:20",104496661,"d0e6fc72900504e3a6f28ffd161200a1","PS-344-01",1,"Jarman","MS","EC",2019,2,2,2,2,3,3,4,4,3,5,4,5,3,3,2,3,2,3,4,4,5,3,3,2,4,3,3,4,3,2,5,6,3,4,3,2,6,1,6,3,2,4,4,5,7,6,6,5,7,6,6,6,4,5,7,6,7,5,7,4,3,6,3,4,4,4,5,3,4,4,7,7,5,5,5,5,6,5,4,4,6,6,1,3,4,5,6,2,5,2,5,7,3,1,4,4,5,6,4,3,4,6,5,3,2,3,3,3,2,1,3,0,1,1,1,4,2,1,3,8,2,4,0,5,3,6,4,4,3,3,4,5,5,3,5,5,2,4,3,6,5,2,3,3,4,5,4,3,3,4,4,2,4,5,5,5,4,7,5,4,6,4,3,6,4,2,3,6,4,2,2,5,5,4,5,5,7,1,5,3,4,5,6,4,5,6,7,7,6,5,6,6,7,5,4,4,5,7,7,6,6,5,5,5,5,1,1,0,1,1,1,0,0,0,1,0,0,1,0,3,6,6,5,6,6,9,9,4,7,4300,"2/13/17","9:20 PM"
42,"2/13/17 20:38","2/22/17 14:23",104496622,"8aea02953bcb6efe8b87cae6c36fc4e8","PS-344-09",1,"Barber","MSX","IS",2017,2,3,4,4,2,4,3,4,5,4,4,5,3,5,5,4,2,5,3,4,5,2,4,5,6,7,7,7,7,7,7,7,7,7,7,7,7,7,7,5,7,7,7,7,6,6,6,6,6,6,6,6,6,6,6,6,6,6,6,3,4,5,1,6,4,5,6,1,7,6,4,6,4,5,6,4,3,1,7,4,4,6,1,5,6,4,6,3,4,6,4,6,2,2,6,2,6,2,6,5,6,5,4,0,2,3,4,2,2,3,2,3,3,2,2,2,2,2,8,8,8,8,8,8,8,8,8,6,6,5,6,5,5,6,5,6,6,5,6,5,5,3,3,3,3,4,4,3,3,3,3,3,7,7,6,7,7,7,6,6,7,6,6,7,6,6,7,6,7,8,8,8,6,8,8,2,3,5,1,1,1,6,7,7,6,7,7,6,7,7,5,5,6,6,7,6,6,6,7,7,7,7,7,7,7,1,1,0,0,1,0,0,1,1,1,1,0,1,0,9,8,9,7,9,8,9,9,2.48,7,755127,"2/22/17","2:23 PM"
43,"2/13/17 20:55","2/22/17 9:14",104496643,"07b29e4144b0e6ae169d06a57714f8aa","PS-344-01",1,"Jarman","ASX","EC",2019,4,2,3,4,3,5,1,3,4,4,4,5,5,3,4,2,5,4,2,3,5,5,5,5,6,3,4,2,6,4,6,5,6,1,4,1,6,4,4,3,3,4,2,4,6,6,7,7,7,7,7,4,6,7,7,7,6,7,7,6,6,6,1,4,5,5,5,2,5,6,5,7,2,4,7,6,3,4,2,6,7,7,3,5,6,6,7,3,3,6,7,7,4,2,7,6,4,2,6,2,6,5,4,3,3,3,2,4,0,4,2,2,2,2,3,3,0,3,6,7,6,4,7,8,4,7,5,6,6,4,5,7,5,4,5,4,4,5,5,5,4,3,4,2,4,4,4,3,3,4,4,4,5,5,6,6,6,6,5,4,6,6,5,6,6,4,4,8,5,5,4,5,5,7,7,5,4,2,4,3,4,5,5,3,4,5,6,4,6,6,5,5,3,7,5,2,5,4,7,5,5,5,3,2,3,1,1,0,0,1,1,0,1,1,1,0,0,1,1,2,4,6,4,5,2,3,4,2.98,4,735596,"2/22/17","9:14 AM"
44,"2/13/17 20:56","2/13/17 21:39",104496582,"b702e116015ea29593a749023b4fd954","PS-344-07",2,"Cotting","MS","PS",2019,2,3,3,2,2,5,4,4,3,5,4,4,4,4,4,4,4,3,5,3,5,3,4,4,4,4,4,0,3,3,3,4,4,4,4,0,5,4,4,5,2,0,1,4,4,4,4,4,4,4,4,4,4,4,4,4,4,4,4,3,4,7,4,4,4,4,4,4,4,4,4,6,4,4,4,4,7,4,2,4,7,6,4,4,4,5,6,4,4,4,4,7,4,4,3,4,6,3,3,4,4,1,7,2,1,3,2,2,2,2,2,3,2,2,2,2,2,2,6,6,4,6,5,6,4,4,4,4,4,4,4,4,4,4,4,4,4,4,4,4,4,4,3,3,5,4,3,4,5,4,4,4,6,6,6,6,6,6,6,6,6,6,5,5,5,4,4,6,4,4,4,4,4,5,5,4,7,9,5,5,5,5,5,5,5,5,5,5,5,5,5,5,5,4,4,5,4,4,4,5,4,4,4,4,4,1,1,1,1,1,1,1,0,1,1,1,1,1,1,7,4,5,5,5,4,9,9,2.6,5,2586,"2/13/17","9:39 PM"
45,"2/13/17 21:01","2/13/17 21:37",104496559,"39d1a15ae2d16adc86b3255c04fdf524","PS-344-06",1,"Cotting","AS","ME",2019,4,3,1,3,4,1,5,5,4,5,1,4,1,5,5,5,2,1,5,5,4,2,4,1,4,1,1,1,8,7,0,7,7,7,5,7,7,7,3,4,1,6,3,7,6,6,3,3,6,4,4,4,6,7,7,4,6,7,5,6,2,6,6,2,2,7,6,7,5,4,6,7,7,4,3,3,7,7,7,5,3,7,5,3,7,2,5,5,2,4,4,7,4,1,4,3,7,7,7,1,5,6,1,3,3,4,2,4,4,3,1,1,2,2,2,2,0,2,6,6,2,0,7,6,2,8,8,7,7,3,5,7,5,7,7,7,7,7,7,7,3,4,2,2,5,4,4,2,5,5,5,4,6,5,4,5,4,6,6,3,4,7,4,6,6,0,8,7,4,6,0,4,2,5,5,2,8,5,6,1,1,7,4,4,5,5,5,7,4,6,7,5,6,6,2,3,5,5,7,5,1,4,4,5,5,1,0,1,1,1,1,1,0,1,1,1,1,0,0,1,2,2,2,6,0,5,5,3.4,9,2172,"2/13/17","9:37 PM"
46,"2/13/17 21:45","2/13/17 22:13",104496522,"619d10b911301f4b772a93d167dbb30b","PS-344-08",1,"Mason","AS","EC",2017,3,2,3,4,4,4,4,4,5,3,3,4,4,4,4,3,3,4,4,3,4,2,4,4,5,5,5,4,3,4,5,3,1,2,3,1,5,3,3,1,2,2,0,3,4,5,6,5,5,3,5,4,5,7,7,6,5,6,5,6,2,6,2,4,3,5,4,3,6,5,6,6,4,4,5,2,6,3,6,4,5,4,2,4,5,2,4,3,5,4,6,5,3,3,5,5,6,4,5,5,5,4,4,2,2,2,3,1,2,2,2,4,0,3,2,3,4,4,5,7,8,4,7,7,4,8,5,7,7,4,4,5,6,6,7,5,5,4,6,5,5,3,3,3,3,4,3,2,3,3,4,4,6,6,6,7,6,5,6,5,5,4,6,6,6,4,1,4,3,3,3,4,4,3,3,3,6,3,6,3,2,6,6,5,5,5,6,5,6,5,5,4,5,6,4,4,5,4,5,6,6,6,4,6,5,1,1,0,1,0,0,0,1,0,1,0,0,1,0,7,4,3,4,5,4,3,7,NA,5,1653,"2/13/17","10:12 PM"
47,"2/13/17 21:48","2/13/17 23:46",104496520,"5e5617923ec400f7872be02211e94c04","PS-344-08",1,"Mason","MSC","PY",2019,3,3,3,2,1,4,3,4,3,3,4,3,3,4,4,4,1,5,4,4,5,2,3,3,6,6,7,8,8,6,4,6,6,6,6,6,8,5,8,8,4,6,3,4,6,4,6,7,6,7,7,7,7,7,7,6,6,6,6,4,3,5,5,5,3,4,5,3,5,4,4,7,7,7,5,6,6,6,6,3,6,6,3,6,4,7,5,4,5,3,6,6,2,2,5,4,6,4,6,2,6,3,7,2,2,2,4,3,2,3,2,4,2,3,3,1,4,1,8,8,7,8,8,8,6,8,6,3,4,1,2,5,2,1,1,5,1,1,1,4,4,2,4,1,5,3,1,2,5,5,3,2,6,6,6,7,7,6,6,6,6,6,5,6,6,4,2,6,6,6,2,6,8,7,8,3,2,9,6,7,5,6,7,6,2,7,7,6,7,7,2,6,7,7,2,7,3,7,7,5,6,6,5,5,6,1,1,0,1,1,0,1,0,1,1,1,1,1,1,7,6,7,7,8,6,8,9,2.2,9,7113,"2/13/17","11:46 PM"
48,"2/13/17 22:25","2/14/17 21:06",104496672,"0c63dbdfbc3582963fafb47549881bc0","PS-344-02",1,"Jarman","MSC","EC",2019,4,3,4,4,2,3,5,1,4,3,5,3,3,4,5,5,3,5,3,3,5,2,4,5,6,5,3,1,6,4,6,6,5,6,6,8,8,2,8,8,3,1,8,3,7,7,7,7,7,5,7,7,7,7,7,7,7,7,1,5,5,7,1,7,3,7,6,1,7,6,6,7,3,6,7,7,6,1,7,6,6,7,2,6,7,7,7,2,5,6,5,7,1,4,5,5,7,2,6,6,6,6,2,4,2,3,2,3,2,2,2,3,2,2,2,2,4,2,8,8,8,2,8,8,3,8,8,7,7,7,7,7,7,7,7,7,7,7,7,7,7,2,1,3,5,3,3,4,4,5,3,4,6,7,7,7,7,7,6,7,7,7,7,7,7,5,4,8,6,4,6,8,6,8,6,1,1,1,2,1,1,7,7,7,7,7,7,7,7,7,7,7,7,7,7,7,7,7,7,7,7,1,7,7,7,1,1,0,0,1,0,1,1,0,1,1,0,1,0,9,8,9,9,9,8,9,9,3.09,9,81668,"2/14/17","9:05 PM"
49,"2/13/17 22:29","2/22/17 14:10",104496702,"992571300535b431d9a0321c7b7959f6","PS-344-03",1,"Jarman","MSC","CE",2019,2,4,3,4,1,3,4,2,5,1,4,3,4,3,4,4,3,2,3,3,3,4,2,5,6,7,8,7,7,6,8,7,4,8,7,8,8,6,6,6,2,7,6,7,6,4,6,6,6,7,5,2,4,6,6,4,5,6,6,6,5,5,1,4,6,5,6,2,6,5,5,7,5,3,7,6,6,2,4,5,6,6,1,6,7,6,5,5,6,6,6,7,1,1,7,5,6,2,6,2,7,3,1,3,1,3,1,3,0,1,1,3,1,1,2,2,4,2,8,8,4,6,8,8,6,7,7,5,7,4,6,6,2,6,3,6,6,6,7,7,3,2,3,3,5,3,3,2,4,4,3,0,6,5,6,6,6,5,7,7,6,6,4,4,6,2,4,4,4,4,7,8,4,7,7,1,3,8,2,2,3,7,6,4,2,6,7,7,6,5,6,6,7,6,4,4,6,7,7,6,6,6,6,7,6,0,0,0,1,0,0,0,1,0,1,1,0,1,0,7,7,2,7,8,3,9,9,2.2,9,747700,"2/22/17","2:10 PM"
50,"2/13/17 22:17","2/19/17 23:10",104496670,"d9d9f20c5a646ca61f8e58181f203d89","PS-344-02",1,"Jarman","AS","ME",2019,3,2,4,4,2,4,3,1,4,3,4,3,2,4,4,3,4,4,3,4,4,4,4,3,6,5,6,6,7,6,5,5,5,7,6,8,8,6,8,4,3,6,6,6,6,6,7,6,6,5,6,5,6,7,6,5,5,6,5,6,4,5,1,6,6,4,3,4,5,5,5,5,5,4,5,4,3,3,5,7,4,5,3,5,6,3,5,3,4,6,4,5,3,4,6,3,5,3,5,3,6,2,3,0,2,3,3,3,1,2,1,2,2,1,2,1,3,2,6,7,7,5,7,6,5,7,7,5,6,5,5,6,7,6,6,5,5,6,5,5,7,2,4,4,4,3,2,2,3,4,3,4,6,4,5,4,4,6,4,4,6,4,3,6,4,2,3,7,4,5,4,3,2,6,6,3,5,8,3,2,3,6,5,5,3,5,6,5,6,4,4,6,6,6,4,4,5,6,6,6,6,5,6,5,6,0,0,0,0,1,0,1,1,0,1,1,1,1,0,5,6,8,8,8,3,8,8,2.1,7,521588,"2/19/17","11:10 PM"
51,"2/13/17 23:40","2/14/17 0:55",104496549,"6ba3d5f77f0eadd8cb97ff7c10be3b99","PS-344-06",1,"Cotting","MSC","ME",2019,2,4,4,3,1,5,3,2,4,4,5,3,4,5,5,3,4,5,5,4,5,2,4,5,5,6,5,4,7,5,6,4,5,6,5,4,6,5,8,6,4,5,7,6,6,6,5,4,7,5,5,5,7,7,6,5,6,7,6,2,5,7,2,4,2,7,3,2,7,4,6,6,4,7,5,7,4,3,6,1,7,3,2,4,4,3,7,2,3,4,7,6,1,5,2,6,4,3,7,5,5,2,2,0,2,2,3,4,2,3,3,3,4,0,1,3,4,1,8,8,7,5,8,8,5,8,7,6,5,4,4,7,7,5,5,6,7,4,4,6,7,4,4,4,5,4,4,4,4,3,4,4,5,7,6,7,5,6,4,7,5,5,6,7,5,2,4,6,8,6,2,4,8,8,8,3,4,1,4,2,3,6,7,4,5,5,6,6,7,4,5,5,7,6,5,4,6,5,7,7,6,6,6,4,7,1,1,0,0,1,1,0,1,0,1,1,0,1,0,5,8,9,7,5,6,9,9,3.703,9,4474,"2/14/17","12:54 AM"
52,"2/14/17 0:44","2/17/17 22:22",104496679,"ca87624ca3916e7514bc890935e8e1bc","PS-344-02",1,"Jarman","NSX","CE",2019,3,2,3,1,1,3,4,1,5,2,4,4,5,5,4,5,5,5,2,5,5,4,4,5,4,5,4,4,4,0,6,5,1,3,4,1,3,0,3,6,0,2,2,4,6,6,6,4,6,2,6,6,6,6,6,6,7,7,7,3,6,6,1,4,3,6,3,2,6,6,4,7,3,4,5,7,7,1,4,4,6,4,2,3,5,3,7,5,4,2,7,7,1,3,4,5,6,6,3,2,5,1,4,1,1,3,3,1,1,4,2,2,2,0,0,2,4,3,7,7,6,3,7,7,7,7,7,6,6,4,6,5,6,5,6,4,6,6,6,6,6,3,2,3,5,5,4,2,5,5,5,1,6,6,6,5,4,6,6,6,6,4,6,7,6,2,6,8,4,1,3,2,2,3,2,2,8,9,1,1,2,7,6,4,5,6,6,7,7,3,6,6,6,7,4,5,6,6,7,6,4,5,4,2,6,1,0,0,0,1,1,0,1,0,1,0,0,1,0,3,6,5,4,4,0,9,8,2.899,8,337102,"2/17/17","10:21 PM"
53,"2/14/17 8:27","2/14/17 9:24",104496587,"aa7e1801311e85ddc42a59beaffe724e","PS-344-04",1,"Barber","ASX","CE",2019,4,4,4,3,4,3,3,3,4,5,4,4,4,5,5,4,5,4,3,4,4,4,5,5,6,7,4,6,7,3,7,6,4,8,5,5,8,3,8,7,3,5,8,7,7,6,6,6,5,6,6,6,7,7,7,5,7,6,5,7,2,6,1,5,2,6,6,2,7,7,6,6,3,3,5,5,7,2,5,7,7,7,1,5,6,5,5,2,2,7,5,6,2,1,7,6,6,2,5,2,7,6,2,4,3,3,2,3,3,2,3,4,2,3,2,3,4,2,8,8,7,7,7,8,6,8,7,6,6,6,5,7,6,6,5,5,6,6,5,6,6,4,4,2,4,4,4,3,5,5,4,4,6,6,5,6,5,5,6,5,6,6,5,7,6,4,4,5,6,4,1,5,4,6,4,2,3,5,3,1,5,6,6,5,5,5,7,7,6,5,5,6,5,7,6,5,5,6,7,6,6,6,5,6,5,1,1,1,1,1,0,0,1,1,1,1,1,1,1,7,6,6,2,9,7,9,8,2.634,8,3378,"2/14/17","9:22 AM"
54,"2/14/17 8:53","2/14/17 20:31",104496664,"a627c28d970c1dd31fae0ddc65276bcd","PS-344-02",1,"Jarman","NSX","EC",2019,3,3,3,4,2,3,5,5,3,3,3,4,3,5,3,5,4,4,2,3,3,2,3,4,2,4,4,4,6,2,4,5,2,7,2,4,6,2,3,1,1,3,2,2,6,5,6,6,7,7,7,6,7,7,6,6,6,5,5,4,3,6,2,6,2,3,6,2,6,6,6,6,4,6,6,6,7,6,6,2,5,4,4,5,5,4,7,5,5,3,7,6,2,2,6,3,6,5,6,4,4,3,5,2,3,2,3,2,3,3,2,2,3,3,2,2,3,2,6,6,6,4,4,6,3,7,3,5,6,5,6,5,6,6,6,5,5,6,7,6,5,3,4,3,4,4,4,3,5,5,5,4,6,6,6,6,6,6,6,5,6,5,6,6,5,2,4,4,2,3,2,5,5,5,3,3,5,6,5,4,6,6,6,6,5,6,6,6,6,5,5,6,6,5,5,5,5,5,6,5,5,5,5,5,6,1,1,0,1,1,0,0,1,1,1,1,0,1,0,3,6,6,6,5,6,8,7,2.6,8,41869,"2/14/17","8:30 PM"
55,"2/14/17 9:53","2/22/17 21:02",104496683,"a322886c940bdc333ff053b8af68f7c9","PS-344-03",1,"Jarman","ASX","CE",2020,3,3,3,3,2,3,3,2,4,4,5,3,3,3,5,4,4,5,4,5,5,5,5,5,4,5,3,6,6,4,5,3,5,3,5,7,3,5,3,2,6,4,5,3,4,3,5,5,3,4,2,5,5,3,4,2,4,6,5,4,3,5,4,3,2,3,3,4,3,6,1,4,6,5,3,4,5,6,5,2,4,1,5,6,6,4,7,5,5,4,3,3,4,2,5,4,7,6,6,3,6,3,4,3,2,2,0,3,4,2,2,1,2,2,4,1,2,3,8,8,8,7,6,8,6,7,7,3,5,4,6,3,5,5,4,6,4,5,4,4,6,1,3,1,5,5,3,3,4,3,5,4,5,3,4,5,6,5,6,5,6,4,6,7,6,2,4,3,3,4,4,5,6,3,4,4,4,5,5,4,3,3,5,4,5,3,4,5,4,5,3,6,4,5,6,4,6,5,6,6,5,5,4,5,5,1,0,0,1,0,1,1,1,1,0,1,1,0,1,3,4,4,6,5,3,5,3,1.3,7,731306,"2/22/17","9:01 PM"
56,"2/13/17 18:17","2/17/17 15:21",104496598,"b5e71434c71a5d80e97bc9ccc6ca237e","PS-344-04",2,"Barber","ASX","CS",2019,1,1,2,3,2,5,4,5,2,4,3,2,3,3,3,4,3,3,4,5,5,4,3,2,0,4,2,1,6,2,6,5,2,2,6,3,4,1,7,2,1,1,0,1,6,6,6,6,6,4,5,7,6,5,7,6,5,6,6,5,2,6,3,4,3,6,2,2,7,4,6,7,7,7,4,2,2,6,5,1,7,2,3,6,5,3,6,6,3,5,7,6,3,4,5,3,7,6,7,3,3,3,6,2,3,1,0,4,3,3,1,3,0,3,3,1,3,2,0,0,0,0,0,0,0,0,5,6,6,5,6,6,7,7,7,5,6,6,6,6,7,3,4,1,5,2,2,1,5,5,3,4,7,7,6,3,2,5,4,3,5,4,2,2,5,1,1,4,3,3,1,2,5,2,3,3,8,2,8,6,5,6,3,5,6,5,6,5,6,5,6,5,6,6,6,5,5,5,6,6,5,5,6,5,4,1,0,0,1,0,1,0,0,0,1,1,0,1,0,5,6,7,3,3,3,9,9,NA,3,335032,"2/17/17","3:21 PM"
57,"2/14/17 11:01","2/18/17 10:17",104496657,"86cf2191963b1fdcd2585fd6c4160774","PS-344-01",1,"Jarman","MS","EC",2019,1,3,2,3,2,2,3,4,4,5,4,4,3,3,4,4,4,3,5,4,4,2,4,3,4,4,4,3,2,6,3,6,5,3,2,2,7,4,4,3,2,2,3,5,6,7,7,7,6,6,7,7,7,7,6,6,7,6,6,5,6,6,1,4,4,5,5,3,3,4,6,6,2,4,5,4,7,4,3,5,6,6,2,3,4,6,5,1,2,4,6,5,3,3,5,6,6,2,4,1,6,6,1,0,2,3,3,1,1,3,1,2,2,1,3,2,3,2,5,7,6,4,6,7,4,5,5,5,6,5,4,6,5,6,5,5,5,6,6,6,5,3,4,4,4,2,4,4,3,4,4,2,5,7,7,5,6,5,6,5,4,3,5,4,5,2,4,5,2,5,4,4,2,4,4,2,2,7,3,4,2,5,6,3,5,6,6,6,6,5,5,6,6,6,5,5,5,5,5,5,6,4,5,5,6,1,0,0,1,1,0,0,1,0,1,1,1,1,0,7,4,5,4,5,3,4,5,2.6,7,342939,"2/18/17","10:16 AM"
58,"2/14/17 17:42","2/14/17 18:07",104496536,"930bfe565b2cb396efa2778ba6d5394c","PS-344-05",1,"Cotting","NSX","AM",2019,2,3,3,4,1,2,4,1,5,2,2,4,4,4,4,5,4,5,2,4,5,3,4,4,4,4,3,5,5,5,6,7,5,4,5,4,3,2,4,2,3,3,3,4,7,7,7,5,7,7,7,7,7,7,7,7,7,7,6,4,3,7,1,6,3,7,4,1,3,6,5,7,5,5,6,7,3,4,7,4,7,7,3,6,7,3,7,4,2,6,6,7,1,5,6,5,7,2,6,2,7,2,1,4,2,3,2,3,4,2,2,2,3,3,2,2,3,2,4,8,8,6,7,8,6,8,8,7,7,5,5,7,7,7,6,7,7,7,5,6,7,4,3,3,5,4,3,4,3,5,5,4,7,7,7,7,5,7,7,7,7,7,5,7,7,3,4,6,6,6,4,6,6,6,5,1,1,5,3,1,1,7,5,7,7,6,7,7,6,6,6,7,7,6,7,7,7,5,7,7,7,7,7,7,7,1,0,0,1,1,0,0,1,1,1,1,1,1,0,9,8,9,9,9,8,9,9,3.9,9,1545,"2/14/17","6:07 PM"
59,"2/14/17 19:21","2/14/17 19:51",104496524,"8753fcaf53947c5e982cb5396669e67d","PS-344-05",1,"Cotting","MS","CE",2019,2,3,1,3,1,4,5,3,4,2,5,5,3,5,5,4,3,3,3,3,5,4,5,4,6,6,6,4,8,6,8,8,6,6,8,4,8,4,8,4,0,4,4,8,7,7,7,5,7,7,7,5,7,7,7,5,7,7,7,4,2,7,1,5,2,7,2,1,7,6,7,7,6,5,3,7,2,1,5,3,6,3,1,7,5,4,6,3,4,3,7,7,1,1,2,6,6,5,6,6,5,3,6,0,1,3,3,4,2,0,2,2,4,2,0,3,3,4,8,8,8,6,8,8,5,8,8,7,7,7,6,7,7,7,7,7,7,7,7,7,6,1,4,2,5,5,2,1,4,5,5,2,6,5,6,7,6,7,7,6,7,5,5,7,5,2,2,6,8,4,2,2,4,4,5,1,3,5,3,1,1,7,7,6,7,7,7,6,7,5,6,7,7,6,5,5,7,7,7,7,6,7,6,7,7,0,1,0,0,0,0,0,0,1,1,0,0,1,1,3,8,7,5,5,4,9,7,3.33,9,1838,"2/14/17","7:51 PM"
60,"2/14/17 20:23","2/19/17 22:53",104496558,"f2ed83c4f91900cdad35cace5b6a770d","PS-344-06",1,"Cotting","AS","CE",2019,1,2,2,4,2,4,4,4,3,4,4,4,4,4,4,5,3,4,3,3,4,4,4,5,4,4,4,2,2,4,2,3,4,2,4,4,7,6,6,4,1,4,6,4,5,5,6,5,6,5,6,5,6,6,5,5,7,7,7,7,3,6,1,5,5,6,3,5,6,6,6,6,6,6,6,7,5,4,5,6,6,6,2,6,6,5,6,4,4,6,6,6,4,1,7,5,5,5,4,7,6,3,3,3,3,2,3,2,1,3,2,3,2,1,3,1,2,1,7,7,6,6,7,7,4,8,7,5,5,4,6,6,6,6,6,5,6,6,6,6,6,3,3,4,5,4,4,3,4,4,4,4,5,5,5,4,4,5,4,6,6,4,3,5,4,4,3,7,4,4,4,4,4,4,4,4,4,4,3,2,4,5,5,5,5,6,7,5,5,5,6,6,6,5,5,5,5,7,7,6,5,5,5,4,5,0,0,1,0,0,0,0,1,0,1,0,0,1,0,7,6,7,8,8,5,7,7,2.28,8,441009,"2/19/17","10:53 PM"
61,"2/14/17 22:03","2/20/17 14:36",104496566,"f70828dbaafa8fce1d8730003b6ee351","PS-344-07",2,"Cotting","AS","CE",2017,2,3,4,4,4,5,4,3,4,3,3,3,5,5,5,5,3,4,2,4,5,2,2,5,4,4,2,4,3,2,4,6,2,4,6,5,8,1,7,4,2,3,2,4,5,7,5,4,5,7,4,6,5,7,5,6,4,5,4,5,2,6,4,4,5,6,5,2,6,4,3,6,4,4,3,2,7,3,5,5,4,5,4,5,7,6,4,5,2,5,6,7,1,2,6,5,5,2,4,1,6,4,1,0,4,3,4,2,1,4,2,3,2,2,3,1,3,2,7,8,8,5,7,8,5,8,6,7,7,3,5,5,5,6,6,7,7,7,7,7,5,3,3,3,5,3,4,4,4,4,3,4,7,7,7,7,7,7,7,7,7,7,7,7,7,4,3,6,6,5,4,5,5,6,6,5,1,7,3,1,7,7,6,5,5,6,6,7,5,5,5,6,6,6,5,5,5,6,6,6,6,6,6,6,6,1,0,0,1,1,0,0,1,1,1,1,0,1,0,1,4,5,1,7,0,3,3,3.101,5,491571,"2/20/17","2:36 PM"
62,"2/14/17 22:04","2/15/17 9:46",104496654,"5420df800e8f00505a9a81e4baaa5b6a","PS-344-01",1,"Jarman","MS","EC",2019,2,2,3,3,3,2,4,2,2,3,4,4,4,3,4,5,3,4,3,5,4,1,2,4,3,4,3,2,4,3,5,5,4,7,3,5,6,2,6,4,2,3,4,2,4,5,3,3,4,5,2,4,4,4,5,5,4,4,5,4,6,6,1,4,3,6,6,4,5,7,4,7,4,4,6,6,6,2,6,4,7,7,3,5,6,5,5,4,3,3,7,7,3,3,6,6,5,2,4,4,5,6,2,1,2,4,4,3,3,3,3,4,2,2,2,3,2,2,7,7,4,3,4,8,6,4,6,6,6,5,4,5,6,4,5,4,5,5,6,5,6,4,4,3,5,3,5,4,4,3,3,2,6,6,5,5,6,5,5,4,6,2,5,6,5,5,4,2,4,6,6,7,6,7,7,3,2,8,3,2,2,4,5,3,6,5,4,7,7,4,5,5,7,7,5,6,6,5,7,7,6,6,6,6,7,1,1,0,1,1,0,1,0,0,1,1,1,1,0,6,6,9,9,9,7,9,9,2.2,7,42105,"2/15/17","9:45 AM"
63,"2/14/17 7:56","2/17/17 22:39",104496574,"24cfc70fea0fef9c8a6a6a10e66c740b","PS-344-07",1,"Cotting","ASX","PY",2019,2,4,4,3,5,5,4,5,3,3,5,5,3,5,5,5,5,4,3,5,5,4,2,5,6,8,0,4,8,8,8,4,8,8,7,6,8,6,8,8,6,8,8,8,3,7,6,6,7,7,7,5,6,7,7,7,6,7,7,3,1,6,1,2,3,6,5,1,7,5,5,5,3,5,6,6,7,1,3,1,6,2,1,7,7,2,5,6,6,6,6,5,1,1,7,2,5,5,6,3,6,1,5,1,4,2,2,4,4,4,3,1,1,4,4,3,1,4,8,8,8,8,8,8,7,8,8,7,7,6,7,1,6,7,7,7,7,7,7,7,7,4,3,2,5,3,2,1,4,5,3,2,7,7,6,7,7,7,6,6,7,6,7,7,7,2,3,8,7,4,0,2,4,4,8,3,5,1,7,2,2,7,5,5,6,6,3,7,7,6,6,6,5,6,7,7,7,6,6,6,6,5,6,3,5,0,0,1,1,1,1,0,1,0,1,0,1,1,0,3,8,7,3,5,6,9,9,NA,7,312200,"2/17/17","10:39 PM"
64,"2/14/17 22:36","4/12/17 22:03",104496511,"76232970ecaa57a735b2a12e6fdc7fad","PS-344-08",1,"Mason","MSX","ME",2019,1,1,2,3,3,4,2,2,3,2,2,5,4,4,3,3,4,4,4,4,5,3,4,4,8,7,7,5,5,7,6,5,3,7,7,4,4,3,7,2,2,4,5,4,3,5,4,5,3,4,4,5,3,4,6,4,5,5,5,3,3,5,5,5,3,4,3,4,7,3,7,6,4,3,4,6,2,5,5,2,6,6,3,3,3,2,6,5,5,2,5,5,3,3,5,3,5,4,7,4,3,2,2,4,2,2,1,3,3,2,1,1,2,3,1,2,1,3,7,8,6,6,7,8,5,6,5,4,5,4,3,4,5,5,5,5,6,3,4,4,4,2,3,2,3,5,2,2,3,3,5,1,5,5,5,6,3,5,4,6,4,3,3,4,4,1,1,4,5,4,3,3,3,2,3,3,3,6,2,3,5,5,6,4,6,6,6,5,5,5,6,6,5,5,6,5,5,6,5,6,3,3,4,3,4,0,1,1,1,1,0,0,0,1,1,1,0,1,0,4,4,6,4,5,4,6,7,NA,6,4919219,"4/12/17","10:03 PM"
65,"2/14/17 23:21","2/19/17 21:09",104496651,"3959654fd5994a0fca938950a5123faf","PS-344-01",2,"Jarman","NSX","CH",2019,2,3,2,3,1,2,4,4,3,5,3,4,3,2,4,4,5,3,5,4,3,2,4,3,5,3,5,3,3,2,3,6,3,7,5,3,5,3,6,4,5,4,5,4,7,6,7,6,6,7,6,6,6,6,5,6,5,7,7,2,5,6,1,5,2,7,4,3,6,6,6,5,6,3,7,2,7,5,7,4,6,3,3,5,6,7,5,5,6,5,5,6,3,1,5,6,5,1,6,6,6,4,3,0,1,2,1,2,1,1,1,1,3,1,1,1,1,4,4,6,2,0,3,6,0,8,2,6,7,3,6,6,7,7,6,5,6,7,6,6,5,3,2,2,5,5,4,3,5,3,5,3,5,6,6,7,7,6,6,5,6,6,6,7,5,4,6,7,6,5,4,6,4,8,8,3,3,5,6,7,3,5,5,4,3,6,6,5,6,6,5,6,5,5,4,4,4,5,6,5,6,6,3,3,5,1,0,1,1,1,1,0,0,0,1,1,1,1,0,3,2,5,1,9,4,9,8,2.69,3,424095,"2/19/17","9:08 PM"
66,"2/13/17 18:46","2/16/17 8:07",104496515,"50eaeb9389dbf8b7de68d75406d85a41","PS-344-08",1,"Mason","MC","PY",2017,2,2,3,3,4,4,3,3,4,2,5,4,4,4,3,5,3,3,1,3,5,5,3,3,6,6,3,8,8,3,6,8,3,8,5,8,8,3,8,8,4,8,8,5,5,7,6,7,7,4,7,7,7,7,7,7,7,7,7,6,4,5,1,7,7,4,5,2,6,5,6,7,2,7,7,4,6,2,7,6,4,6,1,7,6,7,5,1,4,6,4,7,1,4,6,6,2,2,6,4,6,6,5,2,3,3,4,4,4,3,2,4,3,3,3,3,4,2,7,7,7,6,6,7,7,5,8,6,6,7,4,5,7,5,6,6,4,6,7,6,6,3,4,2,5,4,3,5,3,5,5,4,5,7,5,7,7,4,7,5,5,4,7,5,7,6,6,6,8,6,4,6,8,8,8,6,4,7,4,2,6,6,5,5,4,5,5,6,6,4,4,6,6,6,5,5,5,5,6,6,6,6,6,5,6,1,0,0,1,1,0,1,1,0,1,1,1,1,1,9,8,9,9,9,8,9,9,3.4,9,220870,"2/16/17","8:07 AM"
67,"2/15/17 15:35","2/15/17 16:39",104496621,"00ea4b287c27723a7bbbd7b43c3bb5b7","PS-344-09",1,"Barber","MSX","EC",2019,2,2,1,3,5,4,4,3,5,4,4,4,4,3,3,5,4,4,3,4,4,4,4,4,4,6,4,6,6,6,6,6,4,7,7,6,6,5,8,7,6,6,7,6,6,6,6,5,5,6,6,5,6,6,6,6,6,6,6,2,4,6,2,5,2,4,3,3,6,5,5,6,6,6,4,6,5,6,6,2,6,6,2,5,4,5,6,5,6,2,6,6,2,2,4,6,5,5,6,3,5,2,3,2,3,2,3,1,2,2,2,2,1,3,3,1,4,3,7,8,7,4,5,8,6,8,6,5,5,5,5,6,6,6,6,5,5,6,6,6,6,3,3,3,4,3,3,3,3,3,3,4,4,3,5,4,3,5,5,4,6,5,3,4,4,3,2,7,6,5,4,5,5,7,6,3,2,6,3,2,7,5,4,5,4,5,6,5,5,5,5,5,5,5,4,4,5,5,5,5,4,5,4,5,4,1,1,1,1,1,1,1,1,1,1,1,1,1,1,5,6,5,4,5,3,9,9,3.56,8,3800,"2/15/17","4:38 PM"
68,"2/15/17 16:16","2/15/17 17:47",104496673,"64492df721d8209aa70858d2dae757cf","PS-344-02",1,"Jarman","MCX","PY",2019,2,3,3,5,3,1,3,2,5,2,5,4,5,5,5,3,4,5,2,2,5,2,3,4,6,6,8,8,8,7,6,6,7,8,6,7,7,7,8,7,7,8,5,7,6,6,7,5,6,4,6,5,6,7,6,6,6,7,5,5,6,6,1,6,6,6,5,1,7,6,6,7,2,7,6,6,6,2,7,3,7,6,2,6,2,6,6,2,6,6,6,6,2,3,6,6,7,2,7,7,6,6,7,4,2,3,2,3,3,2,3,3,2,3,3,3,3,2,7,8,5,3,6,8,4,7,7,6,6,6,6,5,7,5,6,5,4,6,6,6,6,3,4,4,4,4,4,4,5,5,5,4,6,5,6,6,6,6,6,6,7,7,6,7,6,4,6,7,7,6,4,6,6,7,8,3,3,2,6,2,3,6,6,6,6,7,7,6,6,5,6,7,6,7,6,6,6,7,7,6,6,6,6,6,6,1,0,1,1,1,1,1,1,1,1,1,1,1,1,8,7,8,4,8,7,9,9,3.23,8,5471,"2/15/17","5:47 PM"
69,"2/15/17 17:22","2/20/17 14:38",104496594,"1dcbbbc73e6ce33b83d0b6576c847ff8","PS-344-04",1,"Barber","MSC","CE",2019,2,3,1,2,4,3,3,3,5,4,4,5,4,4,3,5,5,5,4,3,5,3,2,4,5,3,7,5,5,8,3,4,8,8,6,6,7,7,8,8,5,7,8,5,6,6,6,4,5,3,5,2,5,5,5,4,4,5,2,2,4,6,4,4,2,7,4,3,7,5,5,6,4,6,4,4,7,4,5,2,6,5,2,3,4,3,6,3,5,3,5,5,3,3,5,5,4,5,4,2,7,4,4,1,2,2,2,3,1,1,1,1,3,1,1,2,1,2,8,8,6,6,8,8,7,8,8,3,6,4,3,5,5,6,7,5,5,6,4,5,5,3,3,2,4,5,2,2,4,4,5,2,5,6,5,5,3,5,5,4,4,3,3,4,5,2,2,4,5,3,2,4,4,5,3,3,5,3,6,3,3,5,5,4,3,5,6,4,6,3,6,7,6,6,4,4,6,6,7,5,3,7,7,4,7,0,0,0,1,1,0,0,1,0,1,1,0,1,1,4,5,3,1,5,5,7,4,3.38,7,422186,"2/20/17","2:38 PM"
70,"2/13/17 20:03","2/15/17 20:46",104496692,"5b72de1b745f96f93a35e0da78559d38","PS-344-03",1,"Jarman","ASX","CS",2019,4,4,3,3,4,3,5,5,3,5,5,4,3,5,5,5,5,2,5,5,5,5,5,4,2,5,1,1,6,2,4,4,2,7,6,6,8,0,8,6,2,3,3,3,7,7,7,7,7,7,7,7,7,7,7,7,7,7,7,5,2,7,4,5,2,7,7,5,7,5,2,7,6,7,6,7,7,7,7,2,3,7,6,7,7,4,7,6,4,3,5,7,2,1,5,3,7,6,7,3,7,3,3,4,4,3,1,2,3,4,3,1,2,4,4,3,1,2,7,7,4,3,6,7,4,5,5,7,7,1,7,7,6,6,6,7,7,7,7,7,7,3,4,4,5,5,4,4,5,5,5,4,7,6,6,6,5,7,7,5,6,6,6,7,6,2,3,5,1,1,0,1,2,4,4,3,8,1,7,5,5,7,7,7,7,7,7,7,7,7,7,7,7,7,7,6,6,6,7,5,6,4,6,3,6,1,1,0,1,1,1,0,0,1,1,0,0,1,1,7,6,4,2,5,5,7,7,2.76,8,175389,"2/15/17","8:46 PM"
71,"2/15/17 20:57","2/15/17 21:32",104496561,"eb6de72e0d54dd9b7e9f27eaf0353039","PS-344-06",1,"Cotting","MSX","PS",2019,3,4,2,4,4,3,5,2,3,4,3,5,5,5,5,5,5,5,3,5,5,5,5,5,7,7,8,8,5,2,4,8,8,8,8,8,6,0,8,8,1,5,4,7,6,6,6,6,6,7,7,7,6,7,7,7,7,7,7,7,4,5,2,5,3,5,2,2,6,5,4,5,4,5,4,5,4,4,4,4,1,3,4,5,5,3,6,5,7,4,6,5,2,1,7,3,5,2,6,3,7,3,3,4,4,2,0,3,3,2,2,1,3,3,4,0,0,3,5,5,7,4,6,0,4,8,8,5,6,6,6,6,6,6,6,5,5,5,5,5,5,3,3,3,4,3,3,3,3,4,4,3,6,4,4,4,4,4,6,6,5,6,5,6,6,3,3,3,5,5,4,4,4,8,8,1,1,9,5,5,1,4,6,5,4,4,7,6,6,4,5,5,5,5,4,5,7,5,7,6,5,4,4,4,4,1,0,1,1,1,0,0,1,0,1,1,0,1,1,5,4,5,5,5,4,1,1,2.4,3,2104,"2/15/17","9:31 PM"
72,"2/15/17 21:21","3/7/17 11:57",104496556,"97aa1c4e10a67fc02a8c494ef4a7df8c","PS-344-06",1,"Cotting","MSC","CE",2019,3,3,3,4,3,4,5,3,3,3,3,2,3,4,3,4,4,4,3,3,4,4,3,4,3,7,2,4,4,3,6,4,5,8,6,6,6,3,6,6,3,4,6,2,7,6,7,7,7,7,7,7,7,7,7,7,7,7,7,4,3,7,1,6,4,5,5,3,6,7,6,7,2,6,6,6,6,3,6,4,6,5,3,6,4,4,7,5,4,5,7,7,2,1,6,6,5,5,6,2,7,5,4,3,3,3,3,3,4,3,3,2,1,2,2,3,3,3,8,8,8,5,8,8,4,8,8,6,6,6,6,6,7,6,6,7,7,6,7,7,7,4,4,4,5,5,3,2,5,5,5,3,6,6,7,7,7,6,7,5,5,5,6,7,7,5,4,6,6,5,4,5,6,6,8,2,6,5,6,3,2,7,7,7,7,7,7,7,7,7,7,7,7,7,7,7,7,7,7,7,6,6,6,6,1,1,1,0,1,1,0,1,0,1,1,1,1,1,1,5,6,7,3,7,6,9,9,3.58,7,1694161,"3/7/17","11:57 AM"
73,"2/15/17 21:24","2/18/17 15:05",104496681,"2e99b08e9956d8035b8d5523f4075ab8","PS-344-02",1,"Jarman","ASX","CE",2019,2,3,2,3,3,4,4,1,5,3,4,2,3,3,4,4,3,5,1,3,4,5,3,5,5,6,8,7,8,6,5,8,5,6,5,7,8,5,8,6,4,6,5,5,6,6,7,6,6,7,7,5,6,7,6,5,6,6,6,7,5,6,3,6,5,6,3,2,7,6,4,5,5,6,6,5,1,2,6,6,7,3,2,6,5,6,5,4,5,7,6,6,1,2,7,6,6,2,5,3,5,3,6,2,2,1,3,2,2,2,1,3,2,3,1,2,4,0,7,7,6,4,8,8,7,8,8,6,5,5,5,6,6,7,7,4,6,6,6,7,6,3,5,3,5,3,3,2,4,4,4,3,6,5,6,5,5,7,6,6,7,6,6,6,5,0,2,2,4,4,4,2,3,6,3,2,3,1,4,3,2,6,6,5,5,5,6,6,6,5,5,5,7,5,5,5,5,6,7,6,6,6,6,5,6,1,1,1,0,0,1,0,1,1,1,0,0,1,0,2,7,5,3,4,3,8,5,2.9,7,236455,"2/18/17","3:05 PM"
74,"2/15/17 19:46","2/22/17 18:56",104496695,"f3870c479255ff57107e3e2750d7e062","PS-344-03",2,"Jarman","MS","PS",2019,1,1,1,3,3,5,4,4,4,4,4,4,4,3,4,5,5,4,4,4,5,3,4,5,4,3,4,4,3,3,3,4,3,4,3,4,6,3,5,5,3,5,4,5,7,5,5,4,5,5,6,6,6,6,6,5,5,7,7,4,5,5,2,4,2,6,1,4,5,5,6,5,4,4,4,7,6,5,4,3,7,3,2,4,3,5,5,6,5,2,7,6,4,4,6,3,5,3,5,4,7,1,4,3,2,1,1,1,1,2,3,3,2,3,2,1,2,2,6,8,5,4,6,8,4,6,6,4,6,5,4,5,6,5,6,4,5,4,4,6,4,2,2,1,5,5,2,3,3,4,5,0,3,5,5,5,4,6,4,5,5,5,4,4,5,2,2,5,4,2,1,2,3,3,4,5,3,7,2,7,8,5,4,4,5,5,5,5,6,5,6,6,6,5,5,5,5,5,6,5,4,3,3,3,3,1,0,1,1,1,1,1,0,1,1,0,0,1,0,3,6,5,2,3,4,6,3,2.98,7,601773,"2/22/17","6:55 PM"
75,"2/16/17 18:13","2/16/17 19:44",104496593,"5c03366793fbe44f4925f536fa06085c","PS-344-04",2,"Barber","MSX","EC",2019,1,1,3,2,1,4,2,3,2,3,4,4,2,4,5,4,2,1,3,3,4,1,5,3,4,6,4,7,6,2,7,3,2,8,3,6,8,4,3,3,2,7,4,4,6,5,6,4,4,4,5,4,5,6,6,6,6,6,6,6,5,5,2,2,4,5,5,4,4,5,6,6,2,4,5,6,7,5,3,6,6,4,2,2,5,6,6,2,3,6,6,6,3,2,6,6,5,3,4,3,6,5,2,2,2,3,2,2,1,2,1,2,2,1,2,1,3,1,8,8,8,4,8,8,4,8,6,6,6,6,6,6,6,5,6,5,5,5,6,6,6,4,3,3,4,4,4,4,4,4,4,0,4,5,4,5,5,6,6,6,6,6,5,5,5,4,4,6,3,4,4,4,3,3,3,5,5,5,3,3,6,6,6,6,6,6,6,6,6,6,6,6,6,6,6,4,4,6,6,5,2,6,6,4,6,1,1,1,1,1,0,0,1,1,1,1,1,1,0,3,4,4,3,3,3,4,5,2.76,3,5436,"2/16/17","7:43 PM"
77,"2/16/17 20:25","2/16/17 22:26",104496668,"7c6cf40a72cef17e2a0ea2e20959bc1e","PS-344-02",1,"Jarman","MSC","CH",2019,3,3,4,4,3,4,4,3,5,5,5,3,3,4,5,5,4,5,5,4,5,4,4,5,2,4,6,8,7,4,7,6,4,6,5,6,8,6,8,4,4,8,2,6,7,7,7,7,7,7,7,7,6,7,6,6,7,7,6,7,2,7,2,7,7,7,3,4,7,7,2,7,7,7,7,6,6,1,5,7,6,6,2,6,7,1,7,5,4,6,7,7,4,5,7,3,6,4,6,4,6,1,1,3,2,2,3,3,4,0,1,1,4,4,3,2,1,1,8,8,6,4,8,8,2,8,4,6,7,7,5,7,6,5,7,4,6,7,7,7,6,2,3,1,5,3,3,2,4,5,3,4,7,7,6,6,7,6,6,5,6,4,7,7,6,2,0,4,4,2,2,4,4,2,6,3,3,5,5,5,5,6,6,6,4,7,7,7,5,5,6,7,7,7,6,4,6,7,7,5,6,6,6,5,3,1,1,1,1,1,0,0,1,0,1,1,1,1,0,9,6,9,5,5,4,9,7,3.45,7,7271,"2/16/17","10:25 PM"
78,"2/16/17 22:21","2/18/17 12:06",104496646,"a9eacbd17e4513c25b2f29b50880f69b","PS-344-01",1,"Jarman","AS","CE",2019,3,2,3,5,1,3,2,1,5,4,5,2,3,3,5,3,4,5,3,4,5,4,3,5,6,5,7,3,5,7,5,6,7,3,6,6,5,7,5,4,4,5,5,6,7,6,7,6,6,2,6,6,6,7,7,5,6,7,6,5,6,6,1,7,3,7,3,1,7,7,6,7,3,7,6,7,5,2,7,5,7,6,2,7,6,6,5,2,6,2,7,6,1,5,6,7,6,1,7,7,7,1,5,2,3,1,2,2,2,3,2,3,3,4,4,2,2,3,4,7,8,5,7,8,6,6,4,7,7,6,6,7,6,6,7,6,6,6,7,7,6,3,3,2,5,5,4,3,3,4,5,4,7,7,6,6,7,5,7,6,6,5,7,7,7,3,1,8,5,5,4,6,6,7,7,2,1,3,2,1,2,6,6,7,5,6,7,6,6,7,6,6,7,7,6,7,6,6,7,6,6,6,6,5,7,0,0,0,1,1,0,0,1,0,1,1,0,1,1,7,7,9,5,7,6,9,9,3.71,8,135889,"2/18/17","12:05 PM"
79,"2/17/17 7:53","2/19/17 20:42",104496526,"f21b466773f56373777786fc05b559a0","PS-344-05",2,"Cotting","MSX","PS",2019,2,2,2,3,3,4,5,2,4,3,5,4,2,5,5,3,3,5,3,4,5,5,3,4,5,5,6,6,6,6,4,6,5,5,5,4,5,5,6,6,4,5,5,5,6,6,6,4,4,5,5,4,6,6,6,6,6,6,4,5,6,5,4,4,5,5,4,3,5,4,7,6,4,5,4,7,5,5,5,4,6,4,4,5,2,4,5,4,5,3,5,5,3,3,4,5,4,5,5,4,4,3,5,3,1,2,2,2,2,1,2,2,1,2,1,2,2,1,4,4,3,3,4,4,3,6,0,5,5,4,5,5,5,5,4,4,5,5,5,5,5,2,2,4,4,4,4,4,4,4,4,2,4,3,3,4,3,5,4,3,5,4,3,5,4,2,3,6,3,4,4,2,4,6,5,3,7,5,3,2,3,4,4,5,6,6,6,6,6,4,6,6,5,5,5,4,5,6,5,5,5,5,5,4,5,1,0,1,0,1,1,0,0,1,1,1,0,1,0,8,6,8,8,7,4,8,8,2.5,7,218967,"2/19/17","8:42 PM"
80,"2/17/17 8:04","2/27/17 22:27",104496546,"439d9e8ea7488646ded4a81fa5312ab0","PS-344-06",1,"Cotting","MS","CE",2019,2,2,2,3,2,4,3,3,4,3,5,4,4,4,4,4,4,4,3,4,5,4,4,5,4,6,5,6,6,6,6,6,6,6,4,4,4,4,6,6,6,3,2,5,6,6,6,6,6,6,6,6,6,6,6,6,6,6,6,2,6,5,1,5,4,6,5,2,6,5,6,6,2,4,5,5,5,2,4,2,6,4,2,4,4,4,4,2,4,2,6,5,3,4,4,6,5,2,4,4,4,3,1,3,2,2,2,2,1,2,2,3,2,1,2,2,2,2,6,6,6,6,6,6,6,6,6,5,5,5,5,5,5,5,5,5,5,5,5,5,5,3,3,3,4,4,4,2,4,4,4,3,4,4,4,4,4,4,4,4,4,4,4,4,4,2,2,5,6,4,3,5,4,6,6,2,1,6,4,3,5,4,4,4,4,4,4,5,4,5,5,5,5,7,4,4,4,4,5,6,6,6,5,4,3,0,1,0,1,0,0,0,1,0,1,0,1,1,0,3,6,4,3,1,4,5,5,2.5,8,915783,"2/27/17","10:27 PM"
81,"2/17/17 11:48","2/17/17 12:34",104496669,"1fb8b64c0be8a4a120d1d9a4c3776dec","PS-344-02",1,"Jarman","MS","PS",2019,3,3,3,4,2,2,4,2,5,4,3,4,3,4,4,4,3,5,2,4,5,1,3,5,4,4,2,5,6,4,6,4,2,1,1,4,7,2,4,5,3,4,2,5,6,7,7,6,6,6,7,6,7,7,6,6,6,7,7,6,4,6,1,5,6,5,3,2,7,6,4,7,6,5,6,3,7,1,4,6,7,6,2,5,6,4,6,4,3,5,5,5,3,2,7,4,6,2,5,4,6,3,1,1,3,2,2,2,1,2,3,3,2,4,3,3,4,2,7,8,8,5,5,8,4,8,8,6,5,5,6,4,4,5,5,4,6,6,5,4,6,3,4,4,5,5,3,2,4,4,4,4,6,6,5,6,6,5,6,4,5,5,5,6,5,4,3,6,5,5,3,5,5,7,5,2,2,5,2,1,1,6,6,6,7,5,6,7,7,5,6,5,6,7,6,5,5,5,7,6,6,5,3,4,6,1,0,0,1,0,0,1,1,0,1,1,1,1,0,5,6,7,3,7,6,9,9,2.5,4,2775,"2/17/17","12:34 PM"
82,"2/17/17 17:30","2/18/17 9:19",104496506,"8e0d09b326b51305334d058b834a0775","PS-344-08",1,"Mason","MS","ME",2019,2,3,2,3,5,4,4,4,5,5,5,3,4,4,4,4,2,4,5,5,5,4,5,4,4,4,4,4,4,4,4,5,4,5,5,6,5,5,5,4,2,2,2,1,7,7,7,7,7,7,7,7,7,7,7,7,7,7,7,6,3,7,3,5,5,5,4,3,6,6,3,7,5,6,6,5,5,4,5,5,4,5,2,6,7,3,5,5,6,6,6,7,1,2,6,2,6,4,6,1,6,3,7,3,2,1,2,2,2,2,2,3,1,1,2,1,2,3,8,8,7,8,8,8,8,8,8,5,5,5,6,3,3,5,5,5,5,4,5,6,7,2,3,2,5,4,2,2,4,4,4,2,6,6,6,7,6,5,6,5,5,5,6,5,6,4,6,7,6,4,4,4,6,6,7,3,4,4,3,2,7,7,6,6,5,6,7,7,6,6,6,7,7,6,6,6,7,6,7,5,3,6,5,3,5,1,1,1,1,1,1,1,1,1,1,1,1,1,1,4,6,6,6,6,7,7,7,3.6,5,56914,"2/18/17","9:17 AM"
83,"2/17/17 18:22","2/17/17 20:20",104496648,"a94b01af6e53a9c9d1aa98b7b1aca155","PS-344-01",1,"Jarman","MSC","CE",2019,3,3,2,3,1,4,4,1,3,5,4,4,1,5,4,1,1,4,3,3,5,3,4,2,6,4,6,6,6,5,3,6,6,2,5,5,8,4,7,5,2,7,5,6,7,6,6,5,6,6,6,7,6,7,6,5,6,7,7,6,2,6,3,6,5,6,7,2,7,4,5,7,6,7,5,7,6,4,5,4,6,7,2,6,6,5,7,4,5,4,5,7,2,2,6,5,7,2,5,3,6,6,3,3,1,3,3,3,1,2,3,4,3,3,1,3,4,3,6,8,8,5,7,8,4,2,8,6,6,5,6,6,5,7,7,6,5,6,5,7,6,3,4,4,5,3,4,5,5,5,4,4,6,5,6,6,7,5,6,6,6,7,7,6,6,6,6,6,2,6,4,6,7,6,6,2,1,1,1,9,1,6,6,6,3,5,6,7,7,6,5,7,7,7,6,6,6,5,6,7,6,6,6,6,6,0,0,0,0,0,0,0,1,1,1,0,0,1,0,7,6,9,9,9,4,8,8,3.9,7,7061,"2/17/17","8:20 PM"
84,"2/17/17 19:37","2/22/17 18:00",104496579,"7f5120f90fb3b5f716ab95da09f02bad","PS-344-07",1,"Cotting","MCX","PS",2019,3,3,4,4,2,4,5,4,5,4,4,5,3,4,5,4,5,5,4,5,5,3,5,5,2,4,3,5,2,5,5,7,6,4,5,7,8,2,6,2,2,4,2,5,7,6,7,7,7,7,7,7,7,7,7,7,7,6,7,4,5,6,1,5,3,6,4,3,6,6,5,7,7,5,6,7,4,5,5,2,6,4,3,5,5,3,6,3,5,2,7,6,2,2,5,3,5,4,5,3,6,3,3,3,3,3,4,3,2,3,4,2,2,2,3,4,3,2,8,8,7,6,7,8,6,6,8,7,7,4,5,6,6,7,6,7,6,6,6,6,7,4,4,2,5,4,4,3,4,5,5,4,6,7,7,6,6,5,6,6,5,6,6,7,6,2,2,4,4,5,2,5,3,5,4,2,5,8,4,6,3,6,6,5,5,6,7,7,7,5,7,7,7,6,6,6,5,3,7,6,5,6,5,2,4,1,1,1,1,1,1,0,1,1,1,1,1,1,1,8,4,6,6,9,4,8,9,2.3,6,426158,"2/22/17","5:59 PM"
85,"2/17/17 22:59","2/20/17 15:10",104496655,"274b6561be101a3006a55474b0966c6d","PS-344-01",1,"Jarman","AS","EC",2019,3,3,3,4,3,1,5,4,4,4,3,2,3,5,3,5,3,3,4,5,5,2,4,4,4,4,4,2,6,5,6,6,4,5,3,3,5,2,6,2,1,2,0,4,6,5,5,7,6,7,6,6,5,7,6,5,6,6,6,6,2,7,2,5,2,4,7,2,7,7,3,7,7,7,7,3,7,3,6,7,7,7,1,5,7,2,7,6,5,7,5,7,3,1,6,2,7,4,7,4,5,6,2,1,1,4,2,2,3,1,1,1,3,4,1,2,3,1,7,7,6,3,3,7,2,7,6,6,7,5,5,6,6,6,5,5,7,6,7,7,5,4,4,5,5,3,5,4,5,5,4,3,6,7,6,6,6,6,5,7,5,6,6,6,5,3,6,8,6,5,6,7,5,8,6,4,7,7,8,8,2,7,6,6,6,5,7,7,6,6,5,6,7,7,6,6,4,6,7,5,5,5,6,3,6,1,1,0,1,0,0,0,0,0,1,1,0,1,1,7,7,8,8,9,6,8,8,3.45,8,231069,"2/20/17","3:10 PM"
86,"2/18/17 10:43","2/20/17 20:27",104496697,"877359bc954dd38ec5ad5fe48ba634c5","PS-344-03",1,"Jarman","MSX","ME",2019,1,2,3,4,2,3,4,2,5,2,5,5,3,4,5,3,5,5,2,5,5,5,4,2,6,6,2,5,4,7,3,7,6,2,7,7,7,7,1,0,2,6,0,5,6,7,6,5,4,2,5,4,6,7,7,6,6,7,4,1,3,7,5,6,1,6,6,2,7,5,6,7,3,6,2,6,1,2,7,1,7,3,2,6,7,3,6,3,1,2,6,7,2,3,2,2,6,1,5,3,3,2,2,1,3,4,3,2,3,3,3,4,3,3,3,3,4,3,6,6,4,8,5,6,8,7,7,4,7,5,6,7,5,6,7,7,6,7,6,6,6,3,4,4,4,5,4,2,4,4,5,4,7,7,6,6,7,7,7,6,7,6,4,7,6,4,5,6,5,2,4,3,3,6,5,3,3,7,2,1,1,5,6,3,7,7,7,5,6,3,7,6,6,6,3,3,6,6,7,6,5,6,6,5,6,1,1,0,0,1,1,0,0,1,1,1,0,1,0,7,4,4,4,3,2,9,9,3.49,6,207834,"2/20/17","8:23 PM"
87,"2/17/17 11:45","2/18/17 13:59",104496532,"f5a20c102c82211058037acd58a939b0","PS-344-05",1,"Cotting","MC","CS",2018,2,2,4,5,2,4,2,1,5,2,3,5,3,2,5,2,3,5,2,2,5,3,1,2,5,6,6,7,4,8,6,5,8,0,8,3,2,8,3,3,1,3,0,5,6,7,7,3,4,3,6,5,4,7,6,6,6,6,7,2,6,4,3,6,1,6,5,3,7,4,5,7,4,4,5,7,3,4,6,3,3,5,3,6,1,5,7,3,3,5,5,6,2,6,4,6,5,3,6,5,6,3,2,2,1,2,2,2,2,2,2,2,2,2,1,3,2,1,4,3,6,7,5,6,8,7,3,5,7,5,6,5,7,4,5,6,4,4,5,5,4,2,2,1,5,5,2,4,2,3,5,4,5,4,4,5,5,5,5,4,5,5,4,5,5,4,4,6,3,6,4,5,4,4,6,5,1,2,4,2,8,4,4,5,6,6,6,4,7,4,5,5,5,5,4,4,5,5,6,6,4,5,5,4,5,0,1,0,0,0,0,0,1,0,1,1,1,1,0,7,8,8,9,8,6,9,8,2.4,8,94420,"2/18/17","1:59 PM"
88,"2/18/17 15:33","2/18/17 16:56",104496505,"b319c7cf9f92865d04e0b5147c376388","PS-344-08",1,"Mason","NSX","PY",2019,1,0,1,2,3,3,3,4,3,3,3,4,2,3,3,3,3,2,4,4,3,4,4,3,1,3,2,5,7,2,5,4,2,6,3,5,6,4,8,7,3,6,4,3,6,6,5,3,3,3,3,2,5,6,6,3,4,5,4,3,4,3,6,3,2,5,5,6,4,2,7,3,6,4,1,5,1,6,5,2,5,4,6,4,1,3,3,5,4,2,3,2,6,2,1,4,4,5,4,4,6,2,3,3,1,2,2,0,0,1,3,3,1,1,4,2,2,1,3,7,5,2,6,7,3,8,4,5,5,3,5,4,6,6,5,2,3,3,3,4,5,3,1,2,3,4,2,2,3,3,3,0,1,1,2,1,2,2,1,1,4,2,1,3,1,2,1,2,3,5,2,4,2,1,3,4,6,4,6,4,5,4,3,3,5,5,4,4,5,3,5,5,5,3,3,3,5,5,5,4,4,4,4,4,3,0,0,1,0,0,1,0,0,1,0,0,0,0,0,5,5,7,7,4,3,6,7,2.48,6,4982,"2/18/17","4:54 PM"
89,"2/17/17 7:45","2/21/17 21:07",104496547,"fd93599fcbe77eb7dc54de3455e08ae2","PS-344-06",1,"Cotting","NSX","ME",2019,2,2,3,4,2,3,3,4,4,3,4,4,3,4,4,3,2,4,4,4,4,4,4,4,6,6,7,7,6,7,7,5,5,6,4,3,7,6,6,6,6,6,4,5,6,6,5,6,6,4,6,4,6,6,6,5,6,7,6,1,4,5,3,5,1,6,4,2,6,4,5,6,6,6,3,3,3,4,5,1,7,2,1,6,6,2,4,2,2,6,6,5,2,2,5,6,5,3,5,3,6,4,5,3,1,1,1,3,2,1,1,1,3,3,3,1,1,3,6,6,6,5,6,6,5,6,6,5,5,5,5,5,3,3,4,5,5,3,3,2,4,2,4,2,4,4,3,2,4,4,4,4,5,6,6,6,4,6,6,5,6,5,6,6,4,2,2,4,5,4,2,5,6,1,6,3,5,3,7,8,3,3,5,5,6,6,4,5,5,4,5,6,5,5,5,4,4,5,3,6,5,5,3,3,4,0,1,0,0,1,1,0,0,1,0,1,1,1,0,7,6,7,3,5,5,9,4,3.1,6,393707,"2/21/17","9:07 PM"
90,"2/18/17 18:20","2/22/17 21:51",104496399,"e0b8c12ea987c4bf04b34a514ccafdfc","PS-344-05",1,"Cotting","NSX","CE",2019,4,1,3,3,3,5,2,3,3,5,4,4,3,4,4,4,1,5,3,3,5,5,4,3,6,5,6,5,6,6,6,6,6,8,6,0,6,6,8,8,2,6,6,6,6,6,6,6,6,6,6,6,6,7,4,6,6,7,6,4,2,6,4,4,2,5,4,4,6,6,4,3,4,6,4,5,4,4,7,1,7,3,2,4,4,4,6,4,5,2,5,5,3,2,3,3,6,1,6,5,6,1,3,4,3,1,1,4,4,2,3,2,3,3,3,4,3,4,6,7,4,2,6,7,2,6,7,4,6,1,5,7,6,6,5,7,6,6,4,7,6,3,3,3,4,4,2,3,3,4,4,2,4,7,7,4,4,6,4,6,5,5,6,6,5,4,2,6,7,6,4,4,6,5,6,3,2,9,3,1,3,6,4,4,6,6,6,4,5,5,6,6,6,5,4,4,6,7,6,6,6,7,7,7,7,1,0,0,1,1,0,0,1,1,1,1,0,1,0,9,4,7,3,9,8,9,9,3.2,7,358268,"2/22/17","9:51 PM"
91,"2/18/17 20:07","2/18/17 20:49",104496682,"431dd99ea5bea07e18ee3cea3b4eb8b7","PS-344-03",1,"Jarman","ASX","AM",2019,2,2,0,5,3,5,1,3,5,2,5,5,3,5,5,3,3,4,3,3,5,3,2,2,8,8,8,8,8,8,8,8,8,8,8,8,8,8,8,8,8,8,8,8,7,5,7,7,7,4,5,7,7,7,7,7,7,7,7,4,7,7,4,7,1,7,4,1,7,7,4,7,4,7,7,7,7,1,7,3,7,7,1,7,7,4,4,4,7,7,7,7,1,4,4,7,4,1,7,6,7,7,7,4,4,4,4,4,2,3,2,2,4,4,4,3,4,4,8,8,8,8,8,8,8,8,8,7,7,7,7,7,7,7,7,7,7,7,7,7,7,3,5,3,5,5,3,3,5,5,5,4,7,7,7,7,7,7,7,7,7,7,4,7,4,4,4,8,8,8,8,8,8,8,8,1,1,1,1,1,5,7,7,7,7,7,7,7,7,7,7,7,7,7,7,7,7,7,7,7,7,7,7,7,7,0,1,0,0,1,0,0,1,0,1,0,0,0,0,9,8,9,9,9,8,9,9,NA,9,2522,"2/18/17","8:49 PM"
92,"2/18/17 22:08","2/19/17 0:38",104496687,"b9076ccfbde72d9d98041a665577d63c","PS-344-03",2,"Jarman","MS","EC",2018,2,3,4,3,5,4,4,3,5,2,3,3,5,5,4,5,5,5,3,4,4,3,5,5,6,3,3,5,5,5,5,5,2,4,2,5,6,1,5,4,1,5,3,2,6,6,6,6,6,6,6,6,6,6,6,6,6,6,6,7,2,7,2,7,4,5,3,2,7,7,6,6,5,7,7,6,2,6,6,6,6,3,2,6,7,3,7,3,7,3,7,7,1,6,7,5,5,3,7,6,6,3,7,2,3,3,3,4,4,2,2,4,3,4,4,2,4,4,3,6,6,6,6,4,6,7,2,6,7,6,6,5,7,6,6,6,7,6,5,6,6,1,4,3,5,4,4,2,5,4,4,4,7,7,7,7,7,7,6,5,6,6,7,6,7,1,2,8,7,4,2,2,4,6,6,2,5,3,5,2,2,6,6,6,4,6,6,6,6,6,5,6,6,7,6,6,6,6,6,7,6,7,6,6,7,1,1,0,1,1,1,0,0,1,1,0,1,1,1,3,4,9,2,4,3,5,8,NA,7,9038,"2/19/17","12:38 AM"
93,"2/19/17 12:32","2/19/17 13:28",104496583,"d6605c18d6dcb5efa79a827a87366a4d","PS-344-04",2,"Barber","MS","HI",2019,2,2,3,2,2,4,3,4,4,3,5,4,3,5,5,5,4,3,3,3,5,4,3,3,5,5,2,7,7,4,4,7,2,7,6,7,7,2,7,6,1,7,4,6,7,7,7,6,6,5,7,5,7,7,7,7,7,7,7,5,6,6,1,4,2,6,6,2,6,7,7,7,5,6,7,7,7,6,6,2,6,7,2,4,3,5,5,2,2,2,6,6,4,3,4,6,6,6,6,3,5,1,6,0,3,2,2,2,1,1,3,3,1,2,2,3,3,3,8,8,6,8,8,8,4,8,8,7,7,5,7,7,7,7,7,2,7,7,7,7,7,3,2,4,4,4,4,3,5,4,4,3,5,3,5,5,4,6,6,6,6,5,4,6,5,2,2,6,5,2,2,7,2,4,4,3,3,3,5,3,3,7,7,7,7,6,7,7,6,6,7,6,7,7,7,4,6,6,7,6,5,6,6,5,6,1,1,1,0,1,0,0,1,0,1,0,0,1,0,4,6,7,3,8,2,5,5,2.8,3,3366,"2/19/17","1:28 PM"
94,"2/19/17 13:21","2/19/17 15:29",104496686,"c733b25a76e0e07c2c7f4ab8bfce87c1","PS-344-03",1,"Jarman","MSC","PY",2019,3,3,1,3,1,4,3,4,3,5,5,4,2,4,5,3,3,2,4,4,4,4,4,2,7,7,6,7,7,8,7,7,8,7,8,6,8,6,8,2,5,7,8,8,6,6,6,7,7,7,7,5,7,7,7,6,6,7,7,2,3,6,5,2,1,6,4,2,6,1,7,6,4,6,1,6,6,4,2,1,2,2,5,2,2,2,6,3,4,3,7,4,2,2,1,6,6,4,4,2,4,3,1,2,2,1,2,2,3,2,2,1,3,3,1,1,1,2,8,8,1,8,8,8,8,7,7,6,7,7,6,6,7,7,7,4,6,7,6,6,6,3,4,4,4,4,5,4,5,3,4,3,7,7,7,7,7,7,6,6,6,6,5,7,6,1,4,7,8,6,2,4,6,7,7,2,5,1,2,2,4,7,7,6,7,7,6,7,7,5,6,7,7,7,6,5,6,7,7,7,6,6,6,6,7,0,0,1,1,1,1,0,0,0,1,1,0,1,0,3,8,6,3,4,6,7,5,2.44,9,7665,"2/19/17","3:27 PM"
95,"2/19/17 13:47","4/9/17 16:36",104496514,"61f4635bffc9a3201a681e182a4fe1a9","PS-344-08",1,"Mason","NSX","EC",2019,3,2,4,4,4,3,3,1,4,3,4,3,4,4,3,4,1,4,1,4,5,4,5,4,4,4,1,4,7,6,6,7,1,8,7,5,7,1,8,7,1,5,6,4,6,7,6,7,7,6,6,5,6,7,7,6,5,7,6,6,2,6,6,7,3,5,6,2,7,5,4,6,5,7,5,6,3,3,7,4,3,3,2,7,5,3,6,4,5,4,5,6,2,2,5,3,6,3,6,6,6,2,5,2,4,3,1,3,4,3,3,1,4,4,4,3,1,3,8,8,8,8,8,8,7,8,4,7,6,6,6,6,5,6,6,4,6,6,6,4,2,3,3,3,2,4,4,2,3,3,4,4,6,6,6,7,6,7,7,5,6,6,7,6,6,3,5,6,7,7,2,2,7,2,2,2,8,2,8,5,1,5,6,6,5,7,6,7,6,7,5,7,6,6,6,6,6,7,7,7,3,7,7,5,7,1,0,1,1,1,0,1,1,1,1,1,0,1,0,5,7,8,2,4,7,7,8,2.7,7,4240131,"4/9/17","4:21 PM"
97,"2/19/17 16:45","2/19/17 18:47",104496513,"1f163fdc0fc305ac5303d9790254666e","PS-344-08",1,"Mason","NSX","PY",2019,4,3,4,4,2,4,5,3,4,2,4,3,4,3,4,4,4,5,2,4,5,5,4,5,3,4,4,0,2,2,3,5,4,6,3,1,2,3,2,4,2,1,1,2,6,6,6,6,6,6,6,6,6,7,7,6,5,6,6,7,4,6,2,6,7,6,1,2,6,7,6,7,3,4,7,7,1,3,7,7,6,3,3,6,5,6,5,2,4,6,6,6,2,5,7,5,3,4,6,5,6,1,7,3,2,2,1,2,2,2,2,2,2,3,2,1,3,2,4,4,6,2,4,4,1,6,5,6,6,6,6,7,5,6,5,5,4,6,5,6,6,3,3,2,5,4,4,3,3,3,4,4,6,6,6,6,5,6,5,6,5,4,5,6,5,2,5,4,3,3,2,4,5,4,4,2,7,7,7,2,3,6,5,5,6,7,7,7,6,6,6,6,6,6,6,5,6,7,6,5,5,5,5,5,5,1,0,0,1,1,0,1,1,1,1,1,1,1,0,2,6,7,3,5,4,8,8,2.82,7,7344,"2/19/17","6:47 PM"
98,"2/19/17 20:22","2/19/17 21:13",104496537,"ad3508352cbb0ffce8806ee5f441afdf","PS-344-05",1,"Cotting","ASX","ME",2019,1,3,2,2,1,4,1,3,2,3,4,5,3,5,4,3,2,2,3,3,5,2,5,1,6,5,4,5,6,6,4,7,5,7,4,5,8,4,6,7,4,5,8,6,7,7,7,6,7,6,7,7,7,7,7,7,7,7,7,1,4,6,1,5,2,7,6,1,4,4,7,6,5,7,4,7,7,7,6,1,7,7,1,5,2,4,7,2,5,1,7,6,1,1,3,6,6,7,7,1,6,5,2,0,3,1,1,4,2,2,3,1,4,0,4,0,0,3,3,5,1,1,7,5,4,2,1,6,6,5,6,4,5,7,6,7,7,7,6,7,7,2,2,4,4,5,4,4,4,4,5,2,4,2,5,6,2,6,7,1,4,3,1,1,5,2,7,3,4,6,3,2,4,5,2,4,4,8,5,3,7,6,7,5,7,7,6,7,5,5,6,7,7,6,3,4,6,7,7,5,6,3,4,3,6,1,1,0,0,0,0,0,0,1,1,0,0,1,0,7,4,8,6,7,2,8,8,2.6,7,3053,"2/19/17","9:13 PM"
99,"2/19/17 20:50","2/19/17 21:53",104496565,"0ab4f52494d1c4df54ba5459e63199cb","PS-344-07",1,"Cotting","NS","BI",2018,3,2,4,4,5,5,5,2,3,3,3,3,5,5,5,5,3,5,4,5,5,3,2,5,4,4,6,6,6,6,3,6,4,8,4,5,8,5,8,5,3,5,3,4,6,6,4,4,4,4,5,4,5,6,6,6,6,6,4,3,4,7,4,6,3,6,4,3,6,5,3,7,6,6,6,5,5,3,5,2,6,3,3,6,6,3,5,6,6,3,5,7,2,2,6,2,6,4,5,4,4,4,2,2,2,2,2,2,2,2,2,2,2,2,2,2,2,2,4,4,4,4,4,4,4,4,4,4,4,4,4,4,4,4,4,4,4,4,4,4,4,3,3,3,3,3,3,3,3,3,3,3,4,4,4,4,4,4,4,4,4,4,4,4,4,4,4,4,4,4,4,4,4,4,4,5,5,5,5,5,5,4,4,4,4,4,4,4,4,4,4,4,4,4,4,4,4,4,4,4,4,4,4,4,4,1,1,1,1,1,1,1,1,1,1,1,1,1,1,5,4,5,5,5,4,5,5,NA,5,3746,"2/19/17","9:52 PM"
100,"2/19/17 20:53","2/19/17 22:42",104496619,"6a4b3cf8848519d0e9999d2bcb070e59","PS-344-09",2,"Barber","AS","BI",2017,2,3,3,2,2,1,2,2,3,4,3,4,3,4,5,4,3,3,3,3,5,5,3,3,4,6,3,6,8,4,5,5,4,8,5,3,6,4,4,2,2,5,7,4,6,6,6,5,6,5,6,5,7,7,5,6,6,7,6,4,4,5,5,5,3,6,5,2,7,5,5,6,4,5,4,6,3,5,6,2,6,4,3,6,5,4,5,5,5,3,7,6,2,3,5,4,5,5,5,5,5,3,5,3,1,3,2,3,3,2,2,2,3,3,3,2,2,2,5,7,6,7,7,6,3,4,5,6,6,5,5,6,7,6,6,6,6,6,5,6,6,2,4,4,4,3,3,3,3,4,4,2,6,4,5,6,3,6,7,7,6,4,3,6,6,2,2,7,3,6,3,3,4,7,5,3,7,8,7,4,5,4,4,5,5,6,6,6,6,5,6,6,6,5,4,4,5,7,7,6,5,6,4,5,6,1,1,1,0,0,1,0,0,1,1,0,0,1,0,6,6,9,8,8,2,9,9,3,8,6525,"2/19/17","10:41 PM"
101,"2/19/17 21:04","2/19/17 21:55",104496539,"5e511e10e33793cf0baeda835dff9e0d","PS-344-05",1,"Cotting","MSX","ME",2019,2,2,3,4,2,2,4,3,4,2,4,4,3,5,3,4,5,5,3,5,5,2,4,4,4,5,3,6,6,7,5,5,4,3,4,3,6,4,6,4,4,5,2,4,6,6,6,6,6,5,6,6,5,7,5,6,6,6,6,6,4,7,1,6,5,6,5,1,6,6,4,7,5,6,6,4,7,2,6,5,7,7,1,6,7,3,7,2,5,5,4,7,2,3,6,2,6,2,5,2,6,6,3,2,2,3,2,3,4,2,2,4,3,2,2,2,3,3,2,2,5,7,3,5,3,7,7,7,6,4,5,6,6,6,6,3,6,6,7,7,6,3,4,3,5,3,4,4,5,5,3,1,6,7,6,6,6,6,6,5,7,5,4,6,5,2,3,6,4,2,4,4,2,4,5,2,3,2,5,2,2,6,6,6,5,5,6,6,6,6,5,5,6,6,6,5,5,5,6,6,5,5,6,5,6,1,0,0,1,1,0,0,1,0,1,1,1,1,0,5,6,5,6,7,2,7,9,2.9,3,3090,"2/19/17","9:55 PM"
102,"2/19/17 21:24","2/19/17 22:18",104496684,"435e9d2e4eda85692f759bdc4edeedba","PS-344-03",1,"Jarman","MCX","CH",2019,2,3,3,3,3,4,5,4,4,4,3,4,3,2,5,4,5,3,5,4,5,3,3,4,3,3,2,3,5,5,6,7,2,6,3,3,8,2,7,6,3,2,3,4,4,6,5,5,6,6,5,6,6,6,6,5,5,6,5,6,2,7,5,6,2,7,6,2,6,5,7,6,5,6,3,6,2,6,6,2,6,7,2,6,6,3,6,2,4,4,6,6,4,2,3,3,6,2,6,4,5,6,4,4,4,4,1,2,3,4,1,1,1,2,3,3,2,1,7,7,8,2,7,7,5,7,8,6,6,6,6,6,6,6,7,7,6,6,6,7,4,3,4,2,5,4,3,4,5,5,4,4,6,6,6,6,6,6,6,4,5,6,6,6,6,7,5,7,6,6,4,7,6,4,6,2,3,3,7,4,3,6,6,6,6,6,6,6,6,6,6,6,5,6,5,5,5,6,6,6,6,2,6,6,3,0,1,0,1,0,0,0,0,1,1,1,0,1,0,3,7,6,7,8,4,9,9,3.941,8,3238,"2/19/17","10:17 PM"
103,"2/19/17 19:45","2/20/17 10:31",104496581,"d5f53ef44b96fa416d15a704a4092a6c","PS-344-07",1,"Cotting","MS","CE",2019,3,3,4,2,4,1,4,4,4,4,4,2,4,3,4,4,2,4,2,4,4,4,4,4,7,7,7,7,7,7,7,7,7,7,7,7,7,7,7,7,7,7,7,7,6,6,6,3,6,6,6,3,6,6,6,6,6,6,6,2,4,7,1,6,2,7,7,1,7,4,7,7,2,7,7,6,7,1,6,2,6,7,2,4,4,7,6,2,1,3,7,7,1,1,2,4,6,2,5,3,5,6,1,2,2,2,2,2,2,2,2,2,2,2,2,2,2,2,6,0,0,6,6,4,6,6,6,6,6,4,6,6,6,6,5,3,6,6,6,6,6,2,4,2,4,3,4,2,4,4,4,4,6,6,6,6,6,6,6,6,6,6,5,6,6,4,3,6,4,6,6,4,4,6,6,1,8,8,8,1,2,7,7,7,7,7,7,7,7,7,7,7,7,6,6,6,6,6,6,6,6,6,6,6,6,1,1,0,0,1,0,0,1,1,1,1,1,1,1,3,6,3,1,5,4,5,5,NA,7,53109,"2/20/17","10:30 AM"
104,"2/19/17 23:14","3/20/17 8:50",104496545,"d7265967490e58f9abc63c199eda6ca3","PS-344-06",1,"Cotting","AS","PY",2019,2,3,2,4,2,3,4,2,3,3,4,3,2,3,5,2,2,5,3,3,5,3,3,4,6,5,6,6,6,5,4,4,4,4,4,4,6,5,7,4,3,6,2,6,6,6,7,6,6,6,6,7,6,7,5,5,6,6,5,3,6,6,4,6,2,6,3,1,6,3,7,6,5,6,4,6,3,2,5,2,6,5,2,6,5,2,6,3,5,3,6,6,1,3,3,6,6,5,6,2,6,4,2,3,1,3,2,2,2,1,1,2,2,2,1,3,3,3,7,8,7,5,6,8,6,4,6,6,7,6,6,6,7,7,6,6,7,6,5,6,7,4,4,4,4,4,4,3,4,4,4,2,6,6,6,6,5,6,6,5,6,6,6,6,6,5,6,6,6,5,3,4,3,6,5,2,3,5,5,3,2,6,6,5,5,6,6,5,6,6,5,6,6,6,6,5,6,7,6,6,6,5,6,6,6,0,0,0,0,1,0,0,1,0,1,0,1,1,0,4,7,7,5,7,5,9,8,2.3,8,2450181,"3/20/17","8:50 AM"
105,"2/20/17 7:55","2/21/17 21:09",104496541,"f3b95be8ac6199d762e28d4a5c948bc1","PS-344-05",1,"Cotting","MCX","EN",2019,2,3,2,3,1,3,4,4,4,5,4,5,4,3,5,3,3,3,3,4,5,4,5,3,5,6,3,5,3,6,6,7,5,6,6,6,7,2,4,6,5,5,1,5,6,6,6,6,5,6,7,5,6,6,7,6,6,7,6,5,4,5,2,5,3,6,2,3,5,5,5,5,5,5,5,5,2,6,5,4,6,5,2,4,3,4,5,5,4,3,6,4,3,3,5,3,5,5,5,3,6,3,2,3,4,2,3,3,2,3,3,3,1,3,3,2,3,3,7,8,4,4,8,8,6,8,6,6,6,5,4,6,7,5,6,6,5,5,5,6,6,2,4,2,4,4,4,3,2,4,4,4,5,7,6,5,6,7,5,6,6,6,5,6,5,2,4,6,4,3,3,2,2,6,7,5,3,4,5,3,3,5,6,5,6,6,6,5,6,6,6,6,6,6,4,5,6,6,6,5,5,5,5,5,5,0,0,0,0,1,1,0,0,0,1,0,0,1,0,7,7,7,5,3,5,9,9,2.3,7,134071,"2/21/17","9:08 PM"
106,"2/20/17 11:29","2/20/17 15:42",104496605,"b1f68cad4805ad483fd3c1663910d901","PS-344-09",1,"Barber","MSC","ME",2019,2,3,2,3,1,3,4,3,3,5,3,5,2,4,4,3,3,2,5,5,4,2,5,2,5,4,5,5,7,5,4,4,4,7,6,4,6,5,6,4,3,4,3,5,6,5,5,6,6,6,5,5,7,7,4,5,6,6,6,1,2,7,1,4,2,6,6,2,6,5,6,6,6,6,4,6,7,2,4,1,6,6,2,4,3,7,6,3,5,2,6,6,3,3,2,5,5,2,4,4,4,4,5,1,3,3,2,2,1,3,2,2,1,2,3,3,2,3,6,8,5,5,7,8,4,6,7,6,7,4,4,7,6,5,3,6,6,4,6,7,4,3,3,4,4,4,3,4,3,4,4,2,5,4,5,6,6,5,6,5,6,4,5,5,5,4,3,5,4,4,3,5,5,2,7,5,4,9,5,2,6,7,5,4,3,6,5,6,5,6,4,6,6,7,4,5,5,6,6,5,5,5,6,4,6,1,0,0,0,0,1,0,0,1,1,1,0,1,0,6,7,9,8,8,4,9,9,3.505,8,15197,"2/20/17","3:42 PM"
107,"2/20/17 11:40","2/27/17 21:06",104496555,"db12f7902054e1c1f5a7dc1aa995c01a","PS-344-06",1,"Cotting","MSX","PS",2019,3,2,3,4,2,3,3,3,3,3,3,3,3,4,4,3,3,4,4,4,4,4,4,4,4,5,5,4,6,5,5,6,5,3,6,5,5,6,4,3,2,4,3,4,5,6,6,7,6,5,6,7,6,6,6,6,6,7,7,6,4,7,3,6,6,5,6,3,5,6,4,7,3,6,6,5,5,3,5,5,6,5,3,4,4,4,6,3,5,5,5,6,2,2,6,5,6,3,5,5,6,3,5,2,2,3,3,1,2,1,2,2,2,2,2,2,2,2,6,6,4,2,4,6,2,6,3,5,5,5,5,6,6,6,6,5,6,6,6,6,6,4,3,4,5,4,4,3,4,4,4,4,6,6,6,6,6,6,5,5,5,5,6,6,6,1,2,2,3,5,2,2,3,2,3,2,6,2,3,3,3,6,5,5,5,5,6,6,6,6,6,6,6,6,6,3,4,6,6,5,5,3,5,5,5,1,0,1,1,1,0,1,1,1,1,1,1,1,1,4,4,7,8,8,3,8,8,NA,7,638779,"2/27/17","9:06 PM"
108,"2/20/17 12:35","2/20/17 22:00",104496608,"1b43cd5ba2f8c169dc0f7b288ba70a25","PS-344-09",1,"Barber","ASX","ME",2019,2,2,2,3,2,4,5,3,3,3,3,4,4,3,3,4,3,4,2,5,5,2,4,4,6,6,5,4,4,2,4,8,3,4,3,4,3,2,6,7,2,4,5,5,6,6,6,3,6,4,6,3,6,7,5,4,6,5,5,5,5,7,1,6,4,6,3,2,7,5,5,6,5,6,5,4,3,5,7,4,7,6,2,5,5,6,6,4,4,4,6,4,3,3,5,6,5,6,6,2,4,3,4,3,3,0,3,2,2,2,1,1,2,3,2,3,2,2,7,7,7,5,4,6,3,7,7,6,5,4,4,5,5,6,7,5,6,6,7,6,6,3,4,2,4,2,2,2,3,4,2,4,6,3,4,5,3,5,4,2,5,5,2,7,4,3,5,6,4,5,2,4,4,3,5,2,2,3,3,2,2,6,5,3,4,5,6,7,6,6,6,6,6,6,5,4,6,6,6,6,5,3,4,3,3,1,0,1,1,1,0,0,0,1,1,1,0,1,1,3,8,4,7,3,4,9,8,3.66,7,33856,"2/20/17","9:59 PM"
109,"2/20/17 14:04","2/26/17 23:56",104496535,"bc5386573be644612ea9e43e703923c1","PS-344-05",1,"Cotting","NSX","AM",2018,2,1,2,3,3,3,3,2,4,2,2,3,4,4,3,3,4,5,2,3,4,3,4,4,5,6,4,4,6,4,6,6,4,6,6,6,7,3,6,7,4,6,7,6,6,6,6,5,7,5,5,5,5,6,6,5,6,6,5,4,3,5,1,5,6,5,3,4,6,7,4,6,4,5,5,4,3,4,5,4,5,7,3,4,3,4,6,4,4,2,4,5,2,2,3,3,5,5,4,3,6,2,4,3,2,2,2,3,3,2,2,3,1,3,3,2,3,2,8,8,7,6,8,8,8,8,8,6,6,5,5,5,5,6,6,5,6,6,6,6,6,3,4,3,4,3,3,3,5,3,3,4,6,6,6,6,5,5,6,6,6,6,5,6,6,2,5,7,4,5,4,5,5,8,6,2,2,8,3,2,2,5,5,6,4,6,5,6,6,5,4,5,5,6,4,5,5,5,5,6,5,6,4,6,5,1,1,1,0,1,0,0,1,1,1,1,1,1,0,4,8,5,7,9,4,9,8,3.067,8,553889,"2/26/17","11:56 PM"
110,"2/19/17 22:43","2/22/17 16:08",104496591,"96b083aed7b25c6129f2d4abaa537e37","PS-344-04",2,"Barber","MS","PS",2018,2,3,3,5,4,3,1,1,5,3,4,3,4,2,5,5,5,5,3,3,4,5,5,5,6,4,4,6,2,5,3,4,2,8,8,6,4,4,8,8,1,7,8,2,6,6,7,6,7,5,7,7,5,7,7,5,7,7,7,7,7,7,1,7,7,6,6,1,7,7,7,7,4,1,5,7,1,4,7,7,7,5,1,7,4,6,2,2,7,7,7,7,1,1,7,7,7,5,1,7,7,3,1,4,2,2,1,3,4,2,1,4,4,4,3,2,4,2,0,4,6,0,2,6,0,8,6,7,7,4,7,4,7,5,7,6,6,7,7,7,7,2,3,2,5,5,4,3,4,5,5,4,5,5,5,5,1,4,5,5,5,5,5,5,2,4,4,8,8,8,2,4,8,8,6,3,9,5,9,1,3,7,7,7,7,7,7,7,7,7,7,7,7,7,7,7,7,7,7,7,7,1,2,2,5,1,1,0,0,1,1,1,1,0,1,1,0,1,0,1,8,9,1,1,2,9,9,3.1,3,235555,"2/22/17","4:08 PM"
111,"2/20/17 17:58","2/20/17 18:48",104496613,"df056d1b0fb42ad46aef526c3e358f66","PS-344-09",1,"Barber","MC","CE",2019,2,2,3,3,4,5,4,4,4,3,3,3,5,5,4,3,4,4,4,5,4,4,2,5,3,3,3,4,4,2,3,4,4,4,4,4,4,4,2,2,0,2,1,1,6,7,7,7,4,7,7,7,7,7,7,7,7,7,7,4,3,4,3,4,4,5,4,5,5,4,4,5,6,6,4,3,5,4,5,4,5,4,4,4,4,4,4,4,4,4,4,6,3,3,5,3,5,5,5,4,4,4,4,2,2,2,2,2,2,2,2,2,2,2,2,2,2,2,2,2,2,4,2,2,4,2,2,4,4,4,4,4,4,4,4,4,4,4,4,4,4,2,3,3,3,3,3,3,2,3,3,3,5,5,5,5,5,4,5,4,4,4,5,4,4,4,4,4,4,4,4,3,4,4,4,5,4,1,6,1,5,5,5,5,5,5,5,5,5,5,5,5,5,5,4,4,4,4,6,4,4,5,5,3,5,1,1,0,1,1,0,1,0,1,0,1,1,1,1,2,1,2,2,2,4,5,5,2.5,2,2975,"2/20/17","6:47 PM"
112,"2/15/17 23:32","2/20/17 21:19",104496618,"11c2418358c5c38c22f22a0a09d311df","PS-344-09",1,"Barber","NS","CH",2017,1,3,1,5,4,4,3,2,5,3,4,3,4,4,4,3,3,5,3,4,4,3,3,5,2,6,4,1,4,1,1,6,4,1,4,2,6,6,6,6,0,1,4,5,4,5,6,6,7,2,5,7,6,7,6,7,6,5,6,6,3,3,2,6,5,7,2,3,7,7,2,5,4,6,7,7,1,4,7,2,6,3,3,7,2,6,4,5,5,3,5,4,3,3,7,1,5,2,7,5,7,2,3,2,3,2,3,2,3,2,3,2,2,3,3,2,3,4,8,6,5,6,2,6,5,4,2,7,6,5,6,6,7,7,7,4,6,6,5,7,5,1,4,3,4,5,2,1,4,5,3,3,6,6,7,6,5,6,5,7,6,7,7,6,7,4,3,6,6,6,2,3,4,7,4,7,4,5,7,7,3,6,5,5,6,5,6,6,7,6,5,6,6,1,6,5,6,7,6,5,5,6,3,5,4,1,1,1,0,0,1,1,1,0,1,0,0,1,1,7,4,9,2,5,4,8,8,4,7,424049,"2/20/17","9:18 PM"
113,"2/20/17 19:34","2/20/17 21:26",104496663,"edb9a98a18312f80eac9a2c59a835b30","PS-344-02",1,"Jarman","MSC","ME",2019,3,2,3,3,2,3,1,2,3,4,4,4,3,4,4,3,3,3,3,2,4,3,3,3,5,4,4,3,6,6,4,4,5,6,5,4,7,6,7,4,3,6,3,5,6,5,5,5,7,6,6,5,6,6,4,5,6,5,6,4,5,5,2,3,5,4,5,3,6,4,5,5,4,6,5,6,5,5,5,3,5,5,4,5,4,5,4,2,2,3,5,5,3,2,3,6,5,4,5,6,5,2,1,1,1,2,3,3,2,1,1,1,3,1,1,2,2,2,5,8,6,7,5,6,5,4,6,6,5,5,5,4,5,4,6,5,4,6,5,4,5,3,2,2,4,2,3,2,3,2,2,3,5,4,5,6,4,5,5,4,5,3,4,6,4,1,3,5,3,2,5,3,4,5,4,5,3,6,4,3,6,5,6,5,4,5,6,6,6,5,4,6,6,6,4,4,5,5,6,6,5,5,6,5,1,0,0,1,1,1,1,0,1,1,0,1,1,1,1,3,6,5,8,8,5,8,8,NA,7,6768,"2/20/17","9:26 PM"
114,"2/20/17 19:44","2/21/17 20:49",104496523,"ebb0b4721fd0093afbf01d3573b8c730","PS-344-08",2,"Mason","ASX","BI",2019,2,2,1,4,3,5,4,2,3,2,4,4,4,3,4,4,4,3,2,4,5,5,1,3,3,3,2,6,6,2,6,5,2,3,1,6,7,2,6,5,2,5,2,3,4,6,7,6,6,4,6,6,5,6,6,7,6,7,6,5,3,6,4,6,2,6,5,3,6,5,5,6,7,7,5,5,6,5,5,3,6,3,3,7,5,5,5,5,7,2,6,6,3,5,5,3,3,4,6,7,5,3,7,2,0,4,2,1,0,1,2,3,2,3,1,3,4,2,6,6,3,1,3,6,3,3,6,3,5,4,3,6,6,5,6,6,5,6,3,5,4,3,2,4,4,4,3,3,4,4,5,3,5,4,5,5,5,5,3,4,5,5,2,4,4,4,6,8,6,7,4,7,5,8,8,3,4,9,7,4,4,3,6,5,7,6,6,5,6,6,6,6,6,7,5,5,5,6,6,5,5,5,5,4,6,1,0,0,1,1,1,0,0,1,1,0,0,1,1,5,6,9,9,9,6,9,9,NA,7,90284,"2/21/17","8:49 PM"
115,"2/20/17 22:06","2/21/17 23:35",104496680,"e387a3732e7bc3b42e60b40f3344b23c","PS-344-02",1,"Jarman","MCX","EC",2019,3,2,3,3,3,5,3,3,4,4,4,4,3,4,4,3,5,5,4,4,4,3,5,5,6,5,6,6,5,6,6,7,5,4,6,6,6,5,5,6,4,5,6,5,7,7,7,6,6,6,7,5,6,7,6,7,7,6,6,4,4,6,4,5,3,6,5,3,6,6,5,3,5,5,4,5,6,3,5,4,6,5,4,5,6,3,5,5,6,5,6,6,2,2,5,5,6,4,6,3,7,5,1,2,2,3,3,2,2,2,1,2,2,3,2,2,2,2,7,8,6,5,8,8,4,5,6,7,6,6,6,6,6,6,7,7,6,6,6,7,6,3,3,1,5,4,2,2,4,4,4,4,6,5,6,5,5,6,6,5,5,5,5,6,5,3,4,4,4,3,2,4,6,6,6,1,2,9,3,1,1,6,5,5,3,5,6,6,5,6,6,6,6,6,5,5,6,6,6,6,5,3,5,6,6,0,1,1,1,1,1,0,0,1,1,1,1,1,0,5,4,5,4,7,4,8,8,NA,7,91748,"2/21/17","11:35 PM"
116,"2/20/17 22:08","2/27/17 22:59",104496551,"ea41cd0b02a080719576ca876557a162","PS-344-06",1,"Cotting","MSX","AM",2018,2,3,4,4,3,2,4,1,4,3,5,5,3,4,4,5,3,5,4,4,5,3,2,2,7,7,7,6,7,8,8,8,6,7,8,8,7,7,8,8,4,5,7,8,7,7,7,7,6,6,7,7,6,7,7,7,6,6,7,4,4,6,2,5,4,6,5,1,7,6,3,5,6,7,5,6,4,2,7,4,7,6,2,6,7,5,7,3,5,5,6,6,1,5,4,3,6,2,7,6,5,5,5,4,2,3,2,4,3,2,3,2,1,3,2,3,2,1,7,7,7,7,7,7,7,7,7,6,6,5,6,5,6,6,6,5,6,6,6,6,5,4,4,4,4,4,4,5,5,4,4,4,6,6,6,6,5,6,5,7,6,6,6,6,7,4,4,6,6,6,4,6,5,5,4,1,2,3,2,1,3,6,6,6,4,6,6,6,6,6,6,7,6,6,6,5,4,7,6,6,7,7,7,6,7,1,0,0,1,0,0,0,1,1,1,1,1,1,0,8,7,8,5,8,6,1,8,2.9,9,607846,"2/27/17","10:59 PM"
117,"2/20/17 22:50","2/22/17 16:20",104496597,"caf0f749a233aaf8684adad9b96d5e9a","PS-344-04",1,"Barber","ASX","ME",2019,1,2,2,5,2,3,5,3,3,3,3,4,4,4,4,4,4,4,4,4,3,3,4,3,6,5,6,4,6,7,6,3,6,4,3,1,8,5,4,4,4,4,4,4,5,5,5,5,6,5,5,5,4,7,6,6,6,5,4,1,2,7,7,7,1,5,7,2,7,3,6,7,2,6,1,6,5,3,7,2,5,7,3,4,2,2,7,2,6,2,6,7,3,1,3,3,7,3,7,7,3,5,7,0,0,4,2,3,3,1,1,1,2,3,3,3,1,0,7,7,4,4,8,8,4,8,4,4,4,4,4,4,4,4,4,5,4,5,5,4,5,2,5,3,5,3,3,3,5,5,3,2,5,5,5,5,5,5,5,5,5,6,5,7,5,5,6,5,5,5,3,6,3,1,6,7,6,8,7,5,6,4,5,6,7,5,7,7,7,7,7,6,6,2,6,6,5,6,5,7,1,6,3,5,3,1,1,0,1,1,1,0,1,1,0,1,1,0,1,1,6,5,1,8,5,8,8,3.65,4,149429,"2/22/17","4:20 PM"
118,"2/20/17 23:41","2/22/17 15:26",104496572,"101965745110c282219d688bc29322ca","PS-344-07",2,"Cotting","NSX","EC",2019,3,2,3,2,3,5,3,4,3,5,3,4,2,4,4,2,5,4,4,4,3,4,3,3,4,4,2,4,8,3,5,3,3,6,5,3,8,2,7,2,3,3,1,5,6,6,6,6,6,5,6,6,6,7,6,6,5,6,7,7,4,7,1,5,5,5,7,3,7,7,3,7,7,5,6,5,7,5,3,6,6,7,3,5,5,3,7,4,5,5,4,7,3,2,7,4,6,5,6,5,5,6,6,2,2,3,3,2,3,2,3,3,1,4,2,3,2,3,6,8,7,4,5,8,2,7,4,6,7,6,6,7,6,5,6,6,6,6,6,7,6,4,3,2,5,3,4,3,4,4,4,2,6,7,6,6,6,6,6,5,6,7,5,6,6,5,6,7,4,6,6,6,4,6,5,1,3,8,5,1,1,7,5,6,5,6,7,6,5,5,5,6,7,6,5,4,5,5,7,7,6,5,6,6,6,1,0,0,0,1,0,0,0,0,1,1,0,1,0,9,8,9,9,7,4,9,9,3.42,9,143109,"2/22/17","3:26 PM"
119,"2/21/17 7:33","2/22/17 17:38",104496700,"eda5bdf44ff109966ee461b69135941e","PS-344-03",1,"Jarman","MSX","AM",2019,3,2,1,3,3,5,4,4,3,4,4,4,3,4,4,4,3,3,4,4,4,4,4,3,4,4,6,4,5,6,5,6,3,5,4,5,6,4,5,3,4,4,3,5,5,4,5,6,6,6,5,6,6,6,4,6,5,6,5,4,6,6,2,4,6,6,6,2,4,4,4,6,2,5,5,5,6,3,5,4,5,6,3,5,5,6,5,2,5,4,6,6,2,2,5,6,6,2,6,5,6,6,4,2,3,3,3,3,2,2,2,3,3,1,3,2,3,3,6,6,7,6,4,6,4,7,7,5,5,5,6,6,6,6,6,5,5,5,6,5,6,3,4,3,4,4,4,3,4,4,4,2,5,4,4,4,4,5,4,5,5,5,4,5,4,6,5,6,6,5,3,8,6,6,5,3,7,4,7,3,3,5,5,5,6,6,6,5,5,5,4,5,5,6,5,5,5,6,6,6,6,6,6,6,6,1,1,0,1,0,1,0,0,0,1,1,1,1,1,8,6,6,3,8,5,9,8,2.6,7,122713,"2/22/17","5:37 PM"
120,"2/21/17 11:00","2/21/17 11:29",104496693,"c261033eb3306a5009ca2c6be83a30c9","PS-344-03",1,"Jarman","ASX","PS",2019,2,2,3,3,2,4,4,2,3,3,4,4,3,4,4,3,2,3,3,3,4,3,4,4,3,3,3,5,5,3,3,5,3,4,4,5,5,3,5,5,3,5,4,3,5,5,5,5,5,5,5,5,4,5,5,5,5,5,5,6,3,5,2,4,5,5,3,4,5,5,3,5,5,4,5,3,3,5,5,5,5,4,5,4,5,5,5,5,4,5,5,5,4,4,6,5,5,5,5,5,5,2,3,3,3,1,2,3,3,3,1,2,2,3,3,1,2,2,5,7,3,2,5,7,6,6,3,5,5,5,5,5,5,5,5,5,5,5,5,5,5,3,2,4,4,4,3,2,4,4,4,4,5,4,5,5,4,5,5,5,5,5,4,5,4,2,2,3,3,3,2,3,3,3,3,3,4,2,4,4,3,5,5,5,5,5,5,5,5,5,5,5,4,5,5,5,5,5,5,5,5,5,5,5,5,0,0,0,1,0,0,0,1,0,1,1,0,1,0,3,5,4,4,5,3,6,6,2.84,4,1786,"2/21/17","11:29 AM"
121,"2/21/17 15:29","2/21/17 16:09",104496647,"724ba81e677873ed6d8569a1aaecb854","PS-344-01",1,"Jarman","ASX","ME",2019,3,3,2,4,3,4,5,2,3,4,2,3,3,3,3,5,3,4,3,4,4,3,4,3,3,6,3,7,7,2,4,5,4,2,4,4,7,4,6,5,2,6,4,3,7,6,7,5,7,6,7,5,7,7,5,5,7,7,7,6,2,6,1,6,6,6,4,2,6,6,6,6,4,6,6,6,2,2,6,4,5,4,2,6,6,5,7,4,4,3,5,6,2,2,6,2,6,3,6,4,6,4,4,2,3,2,3,4,0,3,3,2,2,2,2,3,2,2,7,7,7,3,7,6,3,7,5,6,6,4,4,6,6,6,6,5,6,6,6,7,6,3,3,3,5,4,4,3,4,4,4,3,6,6,6,5,5,6,6,6,6,5,5,6,6,4,2,7,4,6,2,4,5,6,6,6,4,6,7,4,5,6,6,6,6,7,5,5,6,6,6,7,6,6,6,5,6,6,6,6,7,6,6,6,7,1,0,0,1,0,0,0,1,0,1,1,0,1,1,6,6,5,4,5,4,7,8,3.85,8,2373,"2/21/17","4:08 PM"
122,"2/21/17 17:27","2/21/17 22:32",104219712,"c13bf936f43f6341cf40509e0019a0f6","PS-344-02",1,"Jarman","MC","PY",2019,2,3,3,4,1,3,2,2,3,2,5,2,4,5,4,3,1,5,2,3,5,4,4,4,7,7,6,8,8,8,7,8,7,6,7,6,8,7,8,6,5,7,0,7,6,6,6,5,7,7,6,4,5,7,6,7,6,6,5,7,1,4,7,6,6,4,1,1,7,7,1,7,2,3,6,2,2,1,6,6,6,4,1,6,7,3,5,5,6,6,1,2,2,6,4,1,2,1,4,1,4,1,1,0,0,4,4,3,4,3,3,0,4,3,1,1,3,4,8,8,8,8,7,8,8,8,8,6,6,2,4,5,5,5,7,6,5,6,4,6,3,1,4,1,3,1,2,1,2,4,1,1,7,7,7,7,7,6,7,6,7,7,7,6,7,6,6,7,6,1,6,4,4,7,7,1,8,3,2,2,2,5,6,5,5,6,6,6,5,4,5,6,5,6,4,4,6,7,6,6,6,6,6,6,6,1,0,0,1,1,0,0,1,0,1,1,0,1,0,4,2,8,2,7,5,7,8,2.9,7,18301,"2/21/17","10:32 PM"
123,"2/21/17 17:27","2/21/17 19:43",104496507,"ef661d43b498b6985b5f69920493de9f","PS-344-08",1,"Mason","MCX","EC",2019,4,4,4,4,2,4,4,2,5,4,4,4,4,4,5,3,5,5,4,4,5,4,4,3,5,7,5,4,4,7,6,7,6,5,5,4,8,2,6,4,2,4,3,5,7,7,7,7,7,7,7,7,7,7,7,7,7,7,7,5,5,7,1,6,2,6,4,1,6,6,3,7,5,4,7,6,6,2,5,5,7,6,1,6,7,6,7,2,7,6,7,6,2,3,6,5,6,6,6,1,6,3,4,4,3,3,2,4,4,2,1,1,4,4,2,2,3,3,6,5,8,3,3,5,5,8,7,6,6,4,6,7,6,6,5,7,6,6,7,7,5,3,4,2,5,4,4,1,4,4,4,4,7,6,7,6,6,7,6,6,7,6,6,7,6,2,3,7,6,6,0,3,5,5,6,2,1,5,2,1,1,6,7,6,5,7,7,7,7,6,6,7,7,6,6,7,6,6,7,7,6,6,6,6,6,1,0,1,1,1,0,0,1,0,1,1,0,1,1,4,4,3,2,3,3,1,5,2.67,6,8149,"2/21/17","7:43 PM"
124,"2/21/17 17:35","2/21/17 20:09",104496685,"db81d15ac583b7e972fc157f90bf19be","PS-344-03",1,"Jarman","AS","EC",2019,3,2,1,1,4,3,4,3,2,2,4,5,4,4,4,5,4,2,4,5,5,3,3,2,5,6,5,7,7,6,5,5,4,7,7,4,7,6,7,7,4,6,7,6,6,6,6,6,6,7,7,6,6,7,7,6,6,6,6,4,4,6,3,4,2,5,3,3,6,5,4,7,6,6,6,6,2,5,6,2,7,3,2,6,6,4,6,5,3,4,6,4,2,1,5,3,6,5,6,1,6,2,1,3,2,1,2,3,2,2,2,2,3,3,2,2,3,3,7,7,6,7,7,7,8,7,7,6,6,4,6,7,6,7,6,6,6,6,6,6,6,2,3,2,5,4,4,2,3,3,4,4,6,5,6,6,5,6,5,5,6,5,4,6,5,2,1,4,4,1,2,3,3,2,2,3,8,7,3,2,3,6,6,5,6,6,6,6,6,4,6,6,6,5,5,5,6,7,7,6,4,5,5,5,5,0,1,1,1,1,1,0,0,1,1,1,0,1,1,5,6,6,4,5,4,5,5,2.6,8,9249,"2/21/17","8:09 PM"
125,"2/21/17 17:41","2/22/17 0:03",104496493,"3f6ebce09962e5932d04fa684dc44bae","PS-344-03",1,"Jarman","NSX","PS",2019,1,2,3,3,1,4,3,2,3,3,4,3,5,4,4,4,4,3,3,3,5,3,4,5,4,4,2,6,5,4,6,7,4,2,2,3,5,2,6,1,2,4,1,4,6,6,6,6,7,7,6,6,6,6,6,5,6,7,6,6,2,6,2,4,6,5,2,2,5,7,4,6,5,3,6,2,5,1,3,5,5,6,2,3,6,3,5,3,3,5,5,6,2,5,6,3,5,3,4,5,6,5,2,2,2,2,3,1,3,3,3,1,3,2,2,3,1,3,7,7,6,4,3,7,3,6,6,5,5,3,3,5,4,5,5,5,6,4,3,3,5,4,2,1,4,3,5,5,4,4,3,4,6,6,7,6,5,5,5,3,5,6,5,5,5,2,6,6,5,3,2,4,3,4,4,4,6,5,5,6,5,5,5,6,5,4,5,5,5,4,4,5,5,5,3,3,3,5,5,5,2,5,4,5,5,1,0,0,1,0,1,0,1,1,1,1,0,1,1,5,6,7,4,5,2,9,9,2.2,6,22952,"2/22/17","12:03 AM"
126,"2/21/17 18:29","2/21/17 20:42",104496676,"adc79088f27307afe34a81cf36ce7844","PS-344-02",1,"Jarman","NSX","EC",2019,2,2,3,4,2,3,4,1,5,4,3,5,5,3,4,4,3,4,4,3,4,5,5,5,3,4,3,5,6,4,6,4,4,7,4,3,6,3,8,7,2,6,4,5,6,6,6,6,6,6,6,6,4,6,6,6,6,6,6,3,5,6,2,4,2,6,3,1,7,4,6,6,3,6,4,4,4,3,6,2,6,4,1,5,5,4,6,4,4,4,6,5,2,2,6,7,4,5,4,3,6,4,2,1,3,3,3,3,2,2,1,2,2,1,1,1,2,2,6,8,6,3,6,8,3,8,8,6,6,3,3,7,5,5,3,5,5,5,4,5,6,3,3,3,4,4,4,2,3,4,4,2,5,4,4,6,5,6,5,4,4,4,5,6,5,5,5,5,5,5,4,5,4,5,5,4,6,7,5,3,7,5,5,6,4,7,7,5,6,6,6,6,6,4,5,5,6,7,6,5,5,4,4,4,4,1,0,0,1,0,1,1,1,1,1,1,0,1,0,5,6,6,5,6,6,8,8,3.06,3,8003,"2/21/17","8:42 PM"
127,"2/21/17 19:28","2/21/17 21:02",104496696,"e9cc8ddb18a46034e28b38b8446f4512","PS-344-03",1,"Jarman","MSX","EC",2019,2,2,1,3,3,2,3,2,2,3,2,3,3,3,3,4,4,3,2,3,4,3,4,3,4,3,2,4,6,2,4,4,4,4,4,4,6,2,8,4,2,6,3,4,6,6,5,6,6,7,5,6,7,7,7,6,7,7,6,3,4,5,2,5,4,6,3,3,4,5,4,6,4,5,5,6,5,4,4,4,6,4,2,5,5,4,6,6,2,4,5,6,3,2,6,5,6,2,3,2,5,4,2,2,2,3,2,2,2,2,2,2,2,1,2,2,2,2,8,8,8,8,8,8,8,8,8,6,7,6,5,7,3,5,5,4,6,6,6,6,2,3,3,4,4,4,4,3,4,3,3,4,6,6,6,6,5,5,6,5,5,5,5,6,6,4,6,6,4,6,4,4,4,6,6,3,3,5,3,1,5,6,6,6,5,6,7,7,7,6,5,5,6,6,5,5,5,5,7,6,6,6,6,6,6,1,0,0,0,0,0,0,0,1,1,1,0,1,1,5,6,9,5,5,4,7,9,NA,7,5665,"2/21/17","9:02 PM"
128,"2/21/17 19:57","2/21/17 21:00",104496699,"26de572e66274edc68541829bc968b8e","PS-344-03",1,"Jarman","MCX","IS",2019,1,4,3,3,2,5,4,1,3,5,2,3,2,5,4,3,2,4,5,5,4,3,4,2,6,2,5,6,6,7,2,8,6,2,7,6,5,4,4,2,4,6,2,5,6,7,6,5,7,7,5,6,7,7,7,5,7,7,7,5,2,7,2,3,4,5,4,3,6,7,4,7,4,5,6,6,7,3,2,7,5,7,2,2,6,5,7,5,1,6,5,6,3,2,6,4,7,5,6,2,5,4,1,2,1,4,3,2,3,1,3,3,2,3,1,3,2,2,6,7,7,4,5,6,6,7,7,7,6,6,5,7,4,5,6,7,6,6,4,6,3,3,2,3,5,3,5,3,5,4,3,1,6,6,5,5,5,6,4,5,5,5,6,7,4,4,4,6,4,4,3,5,4,6,4,1,2,1,1,1,1,6,7,6,5,6,7,7,5,6,5,6,7,7,5,5,5,5,7,5,4,5,5,4,5,0,1,0,0,0,0,0,1,1,1,1,1,1,1,7,4,4,4,6,4,6,4,2.9,7,3746,"2/21/17","8:59 PM"
129,"2/21/17 20:07","2/21/17 21:58",104496564,"30038e714d5785fc5ebc84145dcf3efb","PS-344-07",1,"Cotting","MCX","EC",2019,3,3,3,4,2,3,3,3,3,4,2,2,2,3,2,3,4,3,3,4,4,2,4,2,4,3,4,5,6,6,5,7,5,4,4,2,6,4,2,5,3,5,5,6,6,6,6,5,6,6,5,6,7,6,6,6,5,7,6,7,2,7,2,5,7,5,6,4,4,7,3,7,7,4,6,3,7,6,4,7,6,6,3,4,6,6,7,4,5,7,4,7,2,2,6,2,7,3,4,6,4,2,4,0,3,3,3,2,3,3,1,2,2,2,3,1,2,2,6,6,7,5,6,7,5,4,5,5,6,4,4,6,4,5,5,5,5,6,5,6,4,3,3,3,5,4,4,3,4,5,4,4,6,6,6,6,7,5,6,5,5,5,5,6,6,2,5,6,5,5,4,4,6,6,6,2,3,7,3,2,2,6,6,6,6,7,6,5,6,5,5,6,6,6,5,5,4,6,7,6,5,5,5,5,5,1,0,0,1,0,0,0,1,0,1,1,0,1,1,5,5,3,7,5,2,5,5,3.05,4,6689,"2/21/17","9:58 PM"
130,"2/21/17 20:12","2/21/17 20:44",104496658,"aab72d1c8b6c050aad15dcd6fa21d21b","PS-344-01",1,"Jarman","MCX","CE",2019,3,2,3,3,3,4,2,3,2,5,4,4,3,5,5,3,4,2,4,5,5,3,3,2,7,7,6,7,8,6,5,7,7,7,6,7,8,6,8,6,6,8,6,7,6,6,6,5,6,5,6,5,6,6,6,4,6,6,6,5,5,7,1,5,3,6,6,2,7,5,7,6,6,6,5,5,4,6,5,4,5,6,2,5,5,4,7,2,5,3,6,6,2,2,5,6,6,5,6,5,7,7,3,2,4,3,2,2,0,4,2,3,3,1,4,2,3,3,8,8,7,6,8,8,7,8,7,7,6,3,5,5,4,6,6,6,7,5,6,5,4,2,4,3,5,4,3,3,3,5,5,4,5,5,5,6,6,6,6,4,6,5,5,6,4,4,7,6,6,4,6,4,4,6,8,7,4,5,4,2,7,6,5,4,5,5,7,6,6,3,5,5,6,7,5,4,5,5,7,7,6,6,6,6,7,1,1,0,1,0,0,0,1,0,1,1,0,1,0,8,8,9,9,9,6,9,9,3.934,9,1937,"2/21/17","8:43 PM"
131,"2/21/17 20:50","2/21/17 21:52",104496698,"463dcc384bbdf8f650efd26e80a1cf3c","PS-344-03",1,"Jarman","AS","CE",2019,3,4,2,4,3,5,4,2,5,5,4,4,4,4,5,3,3,3,4,3,5,3,4,4,4,5,4,6,6,5,6,6,5,7,3,3,7,2,6,2,2,5,1,2,6,5,7,7,7,3,6,6,6,7,6,6,7,6,5,5,5,6,2,6,2,6,5,3,6,5,4,6,5,5,5,6,5,4,5,3,7,5,2,5,4,5,5,5,5,3,7,6,2,2,5,4,5,5,5,3,6,3,5,2,3,3,1,3,3,3,3,3,2,3,3,3,3,2,6,7,8,5,4,7,5,4,5,6,6,5,5,5,7,7,7,6,7,7,5,5,7,3,2,4,4,4,4,4,5,5,5,4,7,5,6,6,5,5,6,5,5,4,3,6,5,1,0,0,3,5,1,1,1,2,1,2,6,3,5,2,3,6,7,5,6,6,7,6,7,5,6,7,6,6,6,5,5,6,7,6,6,4,3,5,5,1,1,0,1,1,0,0,0,1,1,1,0,1,0,7,4,4,4,6,4,7,7,2.23,9,3671,"2/21/17","9:51 PM"
132,"2/21/17 22:00","2/21/17 22:28",104496529,"0ec0e19f89daa5b76ed824fddc7c40b4","PS-344-05",1,"Cotting","ASX","EC",2019,2,4,2,4,2,5,3,4,4,5,5,5,3,5,5,3,5,5,5,5,5,5,5,5,8,8,8,8,8,8,6,5,7,5,8,5,8,8,8,8,7,8,8,8,7,7,7,7,7,7,7,7,7,7,7,7,7,7,7,6,4,7,1,6,2,6,1,1,7,7,6,7,6,5,7,7,5,3,5,5,7,6,1,5,7,5,7,3,6,4,7,7,1,1,7,6,7,5,7,5,7,3,6,3,4,3,2,4,4,3,0,4,4,4,3,1,4,4,7,8,8,8,8,8,7,7,6,7,7,7,6,6,7,6,7,6,7,7,7,7,7,4,2,4,4,5,4,4,4,5,5,4,7,7,7,7,7,7,7,7,7,7,6,7,7,2,5,6,6,7,6,7,6,7,8,2,3,2,5,2,3,7,7,7,7,7,7,7,7,7,7,7,7,7,7,7,7,7,7,7,7,7,7,7,7,1,1,0,0,1,0,0,1,0,1,1,1,1,0,7,7,8,6,7,6,9,9,3.48,9,1662,"2/21/17","10:28 PM"
133,"2/21/17 22:28","2/21/17 23:44",104496649,"99bf04024ffbddc237f872daa7a75716","PS-344-01",1,"Jarman","AS","EC",2019,1,2,2,4,3,3,4,4,4,3,4,3,4,3,4,3,4,4,3,3,5,4,3,3,4,4,4,4,4,4,4,6,2,4,2,2,4,2,6,1,1,2,2,4,4,4,6,6,4,7,6,6,5,7,6,6,6,6,6,7,4,7,2,5,4,6,6,2,6,6,3,7,5,4,6,7,6,3,4,6,7,5,4,4,6,4,4,4,4,6,6,4,4,4,6,5,6,3,4,1,6,4,3,2,2,3,3,2,2,2,2,3,2,2,2,2,3,2,6,6,6,6,6,6,6,6,6,7,7,7,7,7,7,7,7,2,2,6,6,6,6,3,3,3,5,5,3,3,3,4,5,3,6,6,6,6,6,6,6,5,6,6,4,6,6,2,4,4,4,4,4,4,4,4,4,7,5,5,7,2,3,6,6,6,6,6,6,6,6,6,6,6,6,6,4,4,4,4,4,6,5,6,5,5,5,1,1,1,1,1,0,0,1,1,1,1,1,1,0,7,6,5,5,7,6,7,7,NA,7,4549,"2/21/17","11:43 PM"
134,"2/21/17 23:12","2/22/17 21:24",104496666,"74fa034e5c25726dc9ba28b6a73ce30f","PS-344-02",1,"Jarman","NS","PS",2019,2,1,1,3,2,3,4,5,3,4,3,4,3,4,5,3,3,2,3,3,5,2,4,4,2,3,3,6,6,4,2,5,5,7,3,7,7,4,8,4,1,3,3,4,6,4,5,6,6,6,5,5,5,6,6,6,6,7,6,6,2,4,2,3,6,5,3,5,5,6,1,5,6,4,3,3,5,5,5,5,5,2,4,2,5,3,6,6,2,6,4,4,2,6,5,3,5,5,5,2,5,2,2,2,1,2,2,1,0,1,1,2,2,3,1,1,4,3,7,8,8,5,8,8,5,8,8,5,5,3,5,6,6,6,5,7,6,6,3,7,4,2,2,1,4,3,4,4,4,3,3,2,5,5,5,4,6,5,4,3,3,4,5,5,6,2,2,4,3,2,2,2,5,2,2,6,7,1,7,4,4,5,4,5,6,6,4,5,5,3,4,6,5,4,5,3,5,6,5,6,2,4,3,5,3,0,1,1,1,1,1,0,1,0,1,1,0,1,0,5,6,6,3,2,3,7,9,2.446,7,79947,"2/22/17","9:24 PM"
135,"2/21/17 23:29","2/22/17 20:46",104496518,"0a5be5593cf5f850f530cad51503be30","PS-344-08",1,"Mason","NSX","EC",2019,1,3,2,3,4,4,3,3,3,4,4,5,3,3,3,5,3,5,3,3,5,2,3,5,5,7,5,8,6,7,8,6,6,6,6,4,7,4,7,5,4,7,5,4,6,6,5,6,6,6,5,6,7,6,6,6,5,6,6,5,7,6,2,5,4,7,3,3,6,6,7,6,2,4,6,5,6,2,5,6,6,7,2,5,4,6,5,4,6,5,6,6,2,1,5,6,5,2,5,3,5,6,2,3,2,2,2,3,4,3,1,2,3,4,1,2,2,3,7,8,7,5,7,8,5,8,6,6,7,6,5,6,7,6,6,4,6,6,6,7,6,3,4,1,4,5,1,3,5,4,5,2,6,4,5,4,3,6,5,5,6,5,4,6,6,2,4,6,4,4,4,5,5,6,5,1,5,3,2,2,2,6,6,6,7,7,6,7,7,6,6,6,7,6,6,5,6,6,6,6,6,6,6,6,6,1,0,1,1,1,1,0,1,1,1,1,1,1,1,5,6,4,5,5,3,9,9,2.933,8,76615,"2/22/17","8:46 PM"
136,"2/21/17 23:30","2/22/17 7:38",104496662,"4260a1b42ee722bc400e898ac7657c35","PS-344-02",1,"Jarman","MCX","EN",2017,2,3,3,4,2,5,4,3,4,1,5,4,5,5,4,3,3,5,2,4,4,5,2,5,3,7,1,5,3,2,8,5,4,1,7,7,8,0,8,3,4,1,0,6,5,7,5,4,7,6,5,4,5,7,6,3,5,7,5,2,1,4,6,5,2,5,2,4,7,4,2,6,7,2,2,2,4,6,7,1,4,3,6,4,4,3,5,7,7,1,6,3,3,4,3,2,4,5,7,7,2,3,5,4,3,1,0,2,3,2,1,1,1,3,2,0,1,1,7,8,6,8,8,8,8,8,8,4,4,3,6,6,6,5,5,6,5,5,4,5,7,2,3,3,4,3,2,1,3,4,3,0,4,5,5,5,2,6,4,5,5,4,2,7,4,0,1,2,4,0,4,0,4,1,1,2,2,5,7,1,3,4,5,6,5,7,7,6,6,5,5,7,5,5,5,5,6,7,6,6,6,7,6,6,7,0,1,1,1,0,1,0,0,0,1,1,1,1,0,3,6,7,7,3,4,8,7,2.5,5,29284,"2/22/17","7:38 AM"
137,"2/22/17 8:04","2/22/17 14:34",104496660,"3785d70249448715efbc291333337184","PS-344-01",1,"Jarman","AS","PS",2019,1,2,2,3,3,4,4,4,3,4,3,4,4,3,4,4,4,3,4,3,4,3,3,4,7,6,7,7,6,7,6,7,7,8,7,5,7,7,8,8,7,7,6,7,7,7,7,7,6,7,6,5,6,6,7,6,7,5,6,6,4,5,1,4,2,6,4,1,5,4,4,5,1,2,4,6,3,1,6,2,6,2,1,3,4,6,4,1,5,1,6,5,2,2,6,3,6,4,6,2,6,3,4,1,3,3,2,3,2,3,2,2,3,1,3,2,2,3,7,7,8,5,4,7,6,8,6,6,6,4,6,5,6,4,5,5,6,6,6,6,5,4,4,3,3,4,4,3,4,4,4,1,4,3,4,4,4,4,4,4,4,4,2,4,4,3,3,4,6,4,4,3,5,7,7,2,5,8,8,3,2,6,6,6,5,5,4,6,6,6,4,6,6,4,4,5,4,4,5,6,5,5,5,6,6,1,1,0,1,1,0,0,1,0,1,1,1,1,0,5,7,6,5,4,4,8,8,2.4,7,23411,"2/22/17","2:33 PM"
138,"2/22/17 11:56","2/22/17 18:10",104496674,"ba61bf22cacbffb9c92c4202758a0cd1","PS-344-02",1,"Jarman","ASX","PY",2019,2,1,3,4,2,4,4,3,4,4,5,5,3,4,4,5,5,4,5,4,4,5,4,4,6,5,4,4,6,3,6,2,1,4,0,3,6,2,7,6,0,4,5,2,6,6,7,3,6,6,6,4,7,6,6,4,6,7,6,3,6,7,3,5,1,7,6,2,7,3,7,7,4,6,3,7,2,5,6,2,7,7,1,6,3,3,6,4,5,2,7,6,2,4,4,7,5,3,7,3,6,2,5,2,2,1,1,3,2,1,2,2,3,3,2,2,2,3,4,6,4,3,4,4,1,6,5,5,6,6,6,7,6,6,6,6,6,5,5,7,5,1,3,2,5,5,2,1,2,4,4,2,6,5,5,6,3,7,5,2,6,5,5,7,5,1,4,5,6,4,2,6,4,3,3,3,3,3,5,2,4,3,5,6,7,6,7,5,6,6,7,6,6,5,5,6,6,7,7,6,5,6,5,6,5,0,0,1,1,1,1,0,0,1,1,1,0,1,0,5,8,7,5,9,5,9,8,2.6,7,22471,"2/22/17","6:09 PM"
139,"2/14/17 11:47","2/22/17 17:42",104496691,"09b30994b0c8b7cb4346433ed505ef1a","PS-344-03",1,"Jarman","MCX","CE",2017,3,3,3,4,2,4,4,2,3,3,4,5,3,4,3,2,2,4,2,4,4,2,3,3,7,6,5,6,6,7,5,6,5,7,6,6,7,4,5,2,4,6,2,6,6,6,6,7,6,6,6,6,5,7,7,5,7,6,5,7,3,6,5,6,5,6,5,2,5,5,4,7,4,4,7,4,6,6,6,5,5,5,3,4,7,5,6,4,6,6,5,6,2,2,7,3,6,4,5,4,5,4,3,3,3,3,2,3,3,2,3,2,3,3,3,3,2,3,6,6,6,8,7,7,6,4,6,6,7,5,4,5,5,6,6,6,5,7,6,5,5,4,4,4,5,3,5,4,4,4,4,4,1,6,7,7,6,6,6,6,5,6,6,7,7,4,6,8,6,6,4,6,4,6,6,2,1,8,2,1,3,6,6,5,4,5,7,6,6,4,5,6,6,7,5,6,4,6,7,6,7,6,6,6,6,0,0,0,0,1,0,0,1,1,1,0,0,1,1,7,6,7,5,8,5,9,9,2.7,2,712518,"2/22/17","5:42 PM"
140,"2/22/17 14:02","2/22/17 14:44",104496656,"52f133946eb3f46b3e3f46bb8f4211c6","PS-344-01",1,"Jarman","NS","ME",2019,4,4,2,3,3,3,3,2,4,3,5,4,3,3,5,3,4,5,2,4,4,3,2,4,6,7,5,7,6,7,7,7,5,7,7,4,8,3,7,7,4,7,6,6,7,7,7,7,6,7,7,6,7,7,7,7,7,7,7,6,3,6,1,5,4,7,2,1,7,6,5,7,5,6,7,7,3,2,5,5,7,7,1,6,6,5,6,1,4,5,7,7,1,3,7,5,6,2,4,4,6,5,3,2,4,4,4,3,3,3,2,4,3,2,4,2,3,4,7,7,7,7,7,8,6,8,8,6,7,7,6,6,7,7,7,5,7,6,7,7,7,3,5,4,5,5,4,4,4,5,5,4,6,6,7,7,6,7,7,5,7,6,5,6,6,4,6,8,6,5,7,7,4,7,7,1,3,1,3,1,1,7,6,6,6,7,7,6,7,7,6,7,7,6,6,5,6,7,7,7,6,7,6,6,6,0,0,1,0,0,0,0,1,1,1,1,0,1,0,9,8,9,9,9,7,9,9,3.7,9,2511,"2/22/17","2:43 PM"
141,"2/22/17 14:08","2/22/17 15:16",104496645,"9837960b84ad1a70b4c49ac93af370ba","PS-344-01",1,"Jarman","MS","PS",2019,3,3,4,4,1,2,4,2,3,1,3,5,2,4,5,4,1,4,1,5,5,3,5,3,2,6,6,0,6,5,3,7,5,8,2,0,8,6,4,3,2,5,4,3,7,7,7,7,7,7,6,5,7,7,7,6,6,7,6,4,4,3,2,4,5,4,7,2,7,7,4,7,5,7,7,6,7,7,6,5,2,3,6,5,5,6,4,3,3,2,3,4,2,2,5,1,6,2,6,6,6,5,2,2,3,4,0,3,0,4,3,1,2,0,3,2,0,1,2,2,0,8,0,6,4,8,8,6,5,6,6,7,6,5,6,3,2,7,4,5,6,3,5,4,4,4,4,5,3,4,5,4,5,6,6,6,6,6,7,7,5,6,5,6,7,6,2,7,7,5,2,6,7,5,6,7,8,1,9,8,2,5,6,5,6,7,7,5,6,5,6,5,6,6,4,4,3,4,5,5,5,2,5,2,4,1,0,1,0,1,0,1,0,0,0,1,1,1,0,7,4,2,2,1,4,3,5,1.68,4,4082,"2/22/17","3:16 PM"
142,"2/22/17 14:31","2/23/17 18:14",104496578,"96177e0f61647fc8ffcc2ecb63a4c6cc","PS-344-07",1,"Cotting","MSX","MC",2019,2,2,1,4,2,5,3,2,2,2,5,4,3,4,4,2,4,2,5,3,5,4,3,4,5,5,7,3,5,5,3,2,5,6,6,6,6,6,6,4,3,3,5,7,7,6,6,6,5,6,6,6,5,7,6,6,5,7,5,2,3,6,4,5,1,5,2,3,5,2,4,4,5,5,3,3,2,3,5,1,6,3,3,5,4,3,5,4,5,2,5,5,2,6,2,3,3,1,6,4,6,2,6,1,3,2,4,3,0,3,3,2,1,2,3,3,3,3,7,7,2,4,3,7,4,6,6,6,5,7,4,5,7,4,6,5,7,6,6,5,7,3,2,2,3,3,2,1,2,2,3,3,5,6,5,6,5,6,6,5,6,4,5,4,4,1,1,3,3,2,2,1,3,4,4,7,4,7,6,3,5,5,5,7,5,6,5,5,6,6,3,5,5,5,4,5,5,5,5,3,4,3,3,3,4,0,1,1,0,1,0,0,0,0,1,1,0,1,0,5,7,6,6,5,5,7,6,NA,8,99804,"2/23/17","5:01 PM"
143,"2/22/17 15:04","2/22/17 15:27",104496550,"a7b15b08cfd3474a33351bfb626bacdb","PS-344-06",1,"Cotting","MS","EC",2019,3,2,2,2,2,3,2,4,2,2,2,5,3,5,5,3,4,4,3,3,3,3,3,3,5,4,4,3,5,5,2,4,4,4,4,4,5,5,4,3,4,4,4,3,6,5,5,5,5,4,5,5,6,7,7,6,6,6,4,3,5,6,5,5,2,7,5,3,6,4,6,6,5,5,4,4,5,6,5,3,6,3,3,5,3,3,5,5,6,2,7,6,3,3,4,6,4,4,5,5,3,2,4,2,1,2,0,0,3,1,1,0,4,3,0,1,0,2,4,4,3,3,4,4,3,3,3,4,4,5,4,3,4,4,4,4,5,4,4,5,4,4,3,4,4,4,4,4,4,4,4,4,4,5,5,5,5,6,6,5,6,6,6,6,6,3,4,4,4,3,4,4,4,5,4,1,3,2,2,2,2,4,5,4,4,5,5,4,5,5,6,6,6,5,5,4,5,4,5,5,3,5,5,4,5,0,1,1,0,1,1,0,1,1,1,0,1,1,0,7,4,5,5,5,4,1,5,2.4,5,1383,"2/22/17","3:27 PM"
144,"2/22/17 15:23","2/22/17 16:15",104496644,"0b5b5e43b39a9d7f1487b8258af4d237","PS-344-01",1,"Jarman","MSC","ME",2019,2,2,3,2,1,3,3,1,2,4,4,4,2,4,3,3,2,5,5,5,4,2,5,2,4,3,7,7,8,4,6,7,5,8,6,7,8,4,7,6,2,7,6,5,6,6,4,4,5,6,5,6,7,6,6,6,6,7,7,1,2,7,3,4,1,5,6,2,7,3,7,7,7,7,5,5,5,6,6,3,6,7,2,6,6,1,7,3,1,6,6,7,1,2,4,6,6,1,6,2,6,7,5,3,4,4,2,3,4,4,3,2,3,4,4,3,2,3,8,8,7,6,8,8,3,7,8,6,6,5,4,7,6,5,5,6,6,7,5,7,7,4,4,2,5,3,4,4,4,5,4,1,5,7,5,6,6,5,6,7,5,6,6,7,6,3,4,6,4,6,4,4,5,7,7,2,1,2,2,1,1,6,4,5,6,5,7,5,5,4,6,6,7,6,5,6,6,6,7,5,6,7,5,5,5,0,0,1,0,0,1,1,0,0,1,1,0,1,0,6,6,7,7,8,5,9,8,3.101,3,3116,"2/22/17","4:14 PM"
145,"2/22/17 15:29","2/22/17 15:46",104496562,"897b0b5989d4b50eda1e81a31b1de765","PS-344-06",1,"Cotting","MCX","CE",2019,3,3,4,4,3,2,3,3,3,3,3,3,4,4,3,3,2,4,2,4,3,4,4,4,6,6,4,4,3,4,5,6,4,7,5,5,8,3,6,1,2,4,1,3,6,7,6,5,5,6,6,6,6,6,6,6,6,7,6,2,4,6,4,6,3,6,3,2,7,6,6,6,6,6,5,6,3,1,6,2,6,3,2,7,6,4,6,5,6,3,4,6,2,3,3,4,6,2,5,3,5,3,2,1,2,3,2,2,2,3,2,3,1,1,1,3,3,1,8,8,8,8,8,8,8,8,8,6,6,6,6,6,6,6,6,6,6,6,6,6,6,3,3,3,3,3,3,3,3,3,3,4,7,7,7,7,7,7,7,7,7,7,7,7,7,4,4,7,4,4,4,4,4,8,8,1,3,3,5,2,2,6,6,6,6,6,6,6,6,6,6,6,6,2,6,6,6,6,6,6,6,6,6,6,6,1,1,1,1,1,1,1,1,1,1,1,1,1,1,5,4,5,5,1,4,5,5,NA,5,1019,"2/22/17","3:46 PM"
146,"2/22/17 15:39","2/22/17 17:31",104496678,"ed6045a9b8cde321061bc6192f8a7616","PS-344-02",1,"Jarman","MCX","IS",2019,1,2,2,4,5,4,5,2,3,5,4,5,5,2,3,3,3,5,4,5,5,1,3,5,4,6,6,7,7,7,7,7,4,6,6,8,8,6,6,8,7,7,8,6,5,6,6,7,6,2,5,6,5,6,6,6,6,6,4,6,2,6,1,5,3,6,1,4,5,5,4,5,4,2,3,5,2,5,7,2,7,2,2,4,5,5,6,4,1,3,6,6,2,2,7,4,5,2,6,2,6,4,1,4,1,3,1,2,0,2,2,0,3,1,1,3,1,3,8,8,7,6,7,8,8,4,8,6,6,1,3,7,6,6,7,2,6,6,6,7,6,2,3,3,5,5,2,1,4,4,5,2,6,4,5,5,3,6,6,6,3,4,2,6,5,1,1,2,8,4,1,6,4,5,6,1,3,1,8,1,1,6,6,6,5,6,7,6,6,7,7,7,6,7,6,6,6,7,7,5,6,2,6,5,7,0,0,1,1,1,0,1,1,1,1,0,1,1,1,3,8,8,5,9,7,9,9,2.87,9,6728,"2/22/17","5:30 PM"
147,"2/22/17 15:56","2/22/17 16:20",104496611,"5e5dd5bce1308491bc75c8565783d40d","PS-344-09",1,"Barber","MS","EC",2019,2,3,4,4,4,4,4,4,4,5,5,5,3,4,4,5,2,4,4,4,4,4,4,4,4,6,6,4,7,4,6,6,3,7,6,3,6,4,7,7,4,5,2,6,6,6,6,5,6,5,6,6,6,7,6,6,6,6,7,4,3,6,1,5,5,4,6,3,5,5,5,5,5,3,5,5,6,5,5,5,5,7,2,5,6,5,6,2,6,6,6,6,2,5,5,5,6,2,6,7,5,6,6,4,4,3,3,3,3,3,3,1,2,3,1,3,3,3,6,6,6,4,6,6,5,6,6,6,5,5,6,5,5,6,5,5,5,4,6,5,5,2,4,4,4,4,3,4,4,4,4,4,6,6,5,5,5,5,5,6,5,5,5,5,4,4,6,6,5,6,4,6,5,6,6,3,5,6,5,6,4,5,5,5,6,6,5,5,5,4,5,6,5,5,5,5,5,5,6,5,5,2,6,2,6,1,0,0,1,1,0,0,1,1,1,0,1,1,0,9,7,9,8,8,6,8,8,2.5,9,1416,"2/22/17","4:20 PM"
148,"2/15/17 21:33","2/22/17 16:35",104496694,"5e7eefef382ffc127c0e79eb8c8a11f9","PS-344-03",1,"Jarman","MS","ME",2019,1,2,3,4,2,2,2,2,5,2,1,4,2,5,4,3,1,5,1,3,5,2,4,4,8,8,6,8,8,8,4,8,8,2,8,6,8,4,8,0,2,7,0,4,6,6,6,6,6,6,6,6,7,6,6,6,6,6,6,2,3,7,1,7,2,6,3,2,5,4,3,7,4,5,6,5,2,2,5,6,7,5,1,5,6,6,6,1,1,7,5,6,1,1,6,1,6,1,5,4,6,1,1,2,4,2,2,3,3,2,2,4,2,3,3,3,4,3,8,8,8,8,8,8,8,8,8,7,7,4,5,6,6,6,6,7,6,5,6,6,6,3,4,1,5,4,2,1,4,5,4,3,5,5,5,7,5,5,5,5,5,5,4,6,6,4,4,8,8,4,4,4,4,8,8,2,3,1,2,1,2,5,5,5,2,5,6,5,6,5,6,6,6,6,5,5,5,5,5,7,7,7,7,7,7,1,1,0,1,1,1,1,1,1,1,1,0,1,1,7,6,7,7,7,2,9,9,2.3,5,586910,"2/22/17","4:34 PM"
149,"2/22/17 15:57","2/22/17 16:29",104496688,"6f15a968a569f737e97ab5a7a27aed4f","PS-344-03",1,"Jarman","MSX","PY",2019,2,2,3,4,2,5,5,3,4,3,4,3,3,4,4,4,4,5,2,5,5,3,4,4,5,5,5,5,4,5,5,6,6,6,6,6,7,5,6,6,3,5,4,5,6,7,6,6,5,7,6,4,6,7,7,6,6,7,7,6,3,5,2,5,5,6,3,3,6,6,4,7,3,4,6,6,4,3,6,7,7,6,2,5,6,5,7,2,5,6,6,6,3,2,6,4,7,2,5,5,6,5,5,1,3,2,1,2,3,3,1,1,3,3,4,2,3,3,8,8,8,5,7,8,5,3,3,6,5,5,6,6,7,5,2,5,6,6,6,6,6,3,4,3,5,4,3,4,5,4,5,3,6,6,6,6,6,6,5,5,6,6,6,7,6,5,6,6,6,5,4,4,5,6,5,3,5,3,4,2,2,6,6,7,5,6,7,6,7,6,6,6,7,5,5,5,6,6,7,6,5,7,6,5,6,0,1,0,1,1,1,1,1,1,1,1,0,0,1,8,6,7,6,8,6,8,8,2.88,7,1932,"2/22/17","4:29 PM"
150,"2/22/17 16:09","2/22/17 16:52",104496595,"9f764a02c603124bcad9126dab7d97eb","PS-344-04",1,"Barber","NSX","EC",2019,1,1,3,2,4,3,3,2,3,3,3,4,4,3,4,3,3,2,3,3,4,2,4,4,6,6,3,4,3,6,4,6,4,4,5,3,4,6,4,1,2,3,0,3,4,5,5,2,4,3,4,3,4,5,5,5,5,6,5,2,6,4,5,4,3,6,2,2,2,2,5,6,5,2,3,7,2,6,5,2,6,3,2,4,5,3,4,6,4,2,5,4,3,4,2,4,5,6,6,4,5,2,4,2,2,1,1,2,2,1,3,3,2,1,1,2,3,2,6,6,4,4,2,6,4,6,6,4,3,4,4,5,5,4,5,5,5,4,5,4,5,5,4,4,4,4,3,4,3,3,4,1,4,5,4,5,3,4,4,5,4,3,3,2,4,2,2,2,4,2,3,2,3,4,4,5,5,6,5,4,5,4,5,4,4,4,5,4,5,5,4,5,4,3,5,4,4,4,4,4,5,3,4,3,5,0,0,0,1,1,1,0,0,0,1,0,0,0,0,5,2,7,7,7,2,7,6,NA,5,2613,"2/22/17","4:52 PM"
151,"2/22/17 17:59","2/22/17 18:23",104496690,"27f7a1f602136487bd1cc81a3695f4b1","PS-344-03",1,"Jarman","MSC","CE",2019,3,2,2,4,2,4,4,3,3,3,4,3,2,3,3,3,3,4,3,3,5,2,3,4,4,4,3,4,6,3,5,2,3,6,4,5,5,1,6,3,1,4,3,1,5,5,4,5,6,6,6,6,4,6,6,6,7,7,6,6,4,5,2,4,6,5,2,4,6,6,6,5,5,6,6,6,2,4,7,6,6,1,3,6,6,5,5,4,5,6,6,5,3,3,5,4,2,3,6,4,5,3,3,3,3,1,2,3,3,3,2,3,3,3,2,1,3,3,6,6,6,6,5,6,4,3,6,6,6,5,6,6,7,5,5,5,5,5,6,6,6,2,2,2,4,4,2,2,3,4,4,4,6,6,5,6,6,6,6,5,6,6,6,6,7,2,3,2,6,5,5,3,4,4,6,7,6,3,7,6,7,5,5,3,5,6,6,6,6,4,5,7,3,6,5,4,6,7,5,6,4,6,5,2,6,0,0,1,1,1,0,0,1,0,1,1,0,1,0,5,5,7,8,8,6,8,9,2.3,7,1431,"2/22/17","6:23 PM"
152,"2/22/17 20:03","2/22/17 20:32",104496650,"81af27aa9f97e859254f35d365b0b549","PS-344-01",1,"Jarman","MSX","EC",2019,3,3,2,3,4,5,4,2,3,4,2,2,4,3,3,4,3,4,4,4,4,2,5,5,3,6,2,2,6,6,6,7,6,4,6,4,8,3,7,7,3,3,3,3,7,7,7,6,6,6,7,5,7,7,7,7,7,7,7,7,3,6,1,6,5,5,4,2,5,6,3,6,3,3,6,6,3,2,6,6,6,3,1,5,5,4,4,2,2,6,5,5,2,2,6,3,5,2,5,2,6,4,2,1,3,3,4,2,3,4,3,4,1,2,3,2,4,2,7,7,7,7,7,7,7,7,7,6,6,3,6,6,5,6,6,7,6,6,6,6,6,4,4,4,4,3,4,3,4,3,3,4,6,5,6,6,6,6,6,6,6,6,5,6,6,4,7,7,6,6,6,4,4,2,7,2,4,5,3,1,3,6,6,6,6,6,6,6,6,5,6,6,6,6,5,4,6,6,6,6,6,6,6,6,6,1,0,0,1,1,0,1,1,0,1,1,1,1,0,8,7,8,8,5,6,8,8,2.48,7,1773,"2/22/17","8:32 PM"
153,"2/23/17 7:45","2/23/17 13:35",104496560,"cf7e7c217976459f770d2a67038f866b","PS-344-06",1,"Cotting","MC","PS",2019,1,1,1,4,1,3,4,2,3,2,4,5,4,3,3,2,1,4,2,2,4,2,3,4,6,5,6,6,5,6,6,6,5,7,6,6,5,6,8,7,7,7,6,7,6,6,6,5,6,7,6,6,6,6,6,7,6,7,6,3,2,6,5,6,3,6,3,3,6,2,6,6,3,5,4,5,1,5,6,3,5,7,1,6,6,5,5,5,6,2,6,6,3,3,4,3,5,3,5,6,4,1,5,2,3,2,1,2,4,2,1,1,3,2,3,2,2,2,6,6,6,4,6,6,4,6,6,6,6,6,6,5,6,6,6,3,5,5,5,5,5,2,3,1,5,4,2,2,3,4,4,2,5,3,4,5,4,5,5,5,5,5,2,4,5,2,2,4,5,4,2,4,2,4,4,2,3,1,2,3,3,5,4,5,5,5,5,5,6,5,5,6,5,5,5,5,5,5,5,5,5,4,3,5,5,0,0,1,1,0,1,1,0,1,1,1,1,1,1,3,5,3,3,5,2,4,3,2.34,5,20986,"2/23/17","1:35 PM"
154,"2/13/17 17:00","2/23/17 23:51",104496516,"9bf43b1c9dad6223f6c8972690ddc91d","PS-344-08",1,"Mason","NSC","CE",2017,2,1,1,2,2,3,3,2,3,2,3,3,2,2,3,2,3,2,2,2,3,3,3,2,4,3,4,5,4,3,3,4,3,4,4,4,3,4,4,5,4,4,5,3,3,4,3,4,4,4,4,3,5,5,5,6,5,5,5,4,4,3,4,5,2,5,3,3,4,5,3,5,4,4,4,4,4,3,5,3,5,5,4,5,3,5,3,3,4,4,4,5,3,3,5,2,6,6,6,2,5,3,5,1,2,3,1,2,2,2,2,1,1,1,1,1,1,2,2,4,4,4,3,5,4,4,3,5,3,4,4,3,5,4,5,5,6,6,5,6,6,2,3,2,4,4,3,3,4,3,3,2,4,5,4,6,5,6,6,5,5,5,5,4,5,3,4,4,4,4,3,3,6,2,3,4,5,5,5,6,3,4,5,6,6,5,5,5,3,3,3,4,4,5,4,4,5,4,4,3,4,5,4,5,4,0,1,1,1,0,1,1,1,0,1,1,0,0,1,4,4,5,5,4,5,5,5,NA,5,888667,"2/23/17","11:51 PM"
155,"2/23/17 7:49","4/5/17 21:32",104496563,"63c977d56720b76dda04aff05de9049d","PS-344-06",1,"Cotting","NSX","EC",2019,3,3,4,4,4,4,4,4,3,4,4,4,4,4,3,3,4,4,4,4,4,4,3,3,7,7,6,6,6,6,6,5,5,5,6,6,6,6,6,6,6,6,6,6,7,7,7,7,7,7,7,7,6,6,6,6,7,6,6,7,6,6,2,6,6,6,6,2,6,6,6,6,2,5,7,7,7,5,6,7,6,5,3,6,6,6,6,2,6,6,6,6,3,2,6,6,5,4,5,6,6,4,4,3,3,2,2,3,2,2,2,1,3,3,3,2,2,3,7,7,7,7,7,7,7,7,7,6,6,5,5,6,5,5,6,5,5,5,5,6,5,2,4,2,4,3,3,3,3,3,3,4,7,7,7,7,7,7,7,7,7,7,6,6,6,4,2,3,3,3,2,4,3,4,4,3,3,6,5,5,4,6,5,5,5,5,6,6,6,6,6,6,6,5,5,3,3,6,6,5,4,4,4,5,2,0,1,1,1,1,0,0,1,1,1,1,1,1,1,6,3,5,5,7,3,7,6,2.4,3,3588182,"4/5/17","9:32 PM"
156,"2/23/17 7:49","2/23/17 8:19",104496534,"aa1177fa203bf3a115dc3a6c613d6c4d","PS-344-05",1,"Cotting","MSC","CE",2019,2,1,3,4,2,4,4,2,4,4,4,3,3,4,4,3,4,4,3,4,5,4,4,4,5,5,4,7,7,4,5,5,4,7,6,7,7,4,8,6,4,7,5,5,7,7,7,7,7,7,7,7,7,7,7,7,7,7,7,5,4,6,4,5,2,6,3,2,6,6,3,6,5,6,6,5,2,6,6,2,5,3,2,6,6,3,6,5,6,3,6,6,2,2,6,3,6,5,6,3,6,3,6,3,2,2,3,3,3,2,2,3,2,3,3,2,3,1,7,7,7,4,7,7,6,7,7,6,6,6,6,6,6,5,6,6,5,6,6,6,6,3,4,3,4,3,4,4,4,4,4,4,6,6,6,6,6,6,5,5,6,6,6,6,6,2,2,5,5,5,3,6,4,5,5,2,5,2,5,2,3,6,6,6,4,5,4,6,6,6,6,5,6,5,6,6,6,5,6,6,4,6,4,6,4,1,1,1,0,0,0,0,1,1,1,1,0,1,0,5,7,5,6,4,4,8,8,2.8,8,1813,"2/23/17","8:19 AM"
157,"2/23/17 7:54","2/23/17 8:14",104496530,"f9309e87a1badf9f4cec7e8b978d1c89","PS-344-05",1,"Cotting","MC","CE",2019,3,3,3,4,2,5,4,2,5,5,4,5,2,5,5,3,5,5,3,3,5,5,5,3,8,8,8,8,8,8,5,8,8,8,8,8,8,7,8,2,6,7,2,8,7,6,5,7,6,7,7,7,7,6,6,7,7,4,7,4,3,4,5,7,6,7,4,2,7,7,4,4,4,7,7,7,6,2,7,6,7,6,1,7,5,6,7,2,7,6,7,7,1,4,7,6,7,2,7,1,7,6,7,2,4,4,2,2,4,4,2,2,2,2,2,2,1,4,4,4,4,4,4,4,4,4,4,4,4,4,4,4,4,4,4,4,4,4,4,4,4,2,4,1,5,5,1,4,5,5,5,3,6,5,6,5,5,5,5,4,4,7,7,7,7,2,2,6,7,0,0,7,8,7,0,5,5,5,5,5,5,4,4,4,4,4,4,4,4,4,4,4,4,4,4,4,4,4,4,4,4,4,4,4,4,1,1,0,1,0,0,0,1,1,1,0,1,1,0,5,4,5,5,5,4,5,5,NA,2,1188,"2/23/17","8:13 AM"
158,"2/23/17 7:58","3/7/17 1:31",104496504,"ff2891d81468fd48847774f40ce8130a","PS-344-08",1,"Mason","MCX","CE",2019,3,4,4,2,2,2,4,1,5,5,4,1,1,4,4,5,5,4,3,4,5,2,4,2,4,6,3,8,8,5,4,6,4,8,5,5,7,2,8,6,4,8,5,6,6,6,6,5,6,6,5,6,7,7,7,5,7,6,6,5,2,7,1,5,4,5,6,1,7,5,5,7,4,5,6,2,7,1,5,6,7,6,1,4,7,3,7,2,3,7,3,7,1,3,7,3,7,2,6,3,6,6,1,1,3,4,3,3,2,3,3,3,3,2,3,3,4,2,8,8,7,8,8,8,7,8,8,7,7,4,6,7,5,7,5,7,5,6,5,7,5,4,4,3,5,2,5,4,5,5,2,4,7,6,7,6,6,6,4,4,4,4,4,4,4,3,4,4,4,4,4,4,8,8,6,3,1,7,2,1,3,7,5,5,4,4,4,4,4,4,4,4,4,4,4,4,4,4,4,7,7,7,7,7,7,1,1,0,0,1,0,0,1,1,1,1,1,1,0,1,6,1,5,8,0,7,7,NA,2,1013611,"3/7/17","1:31 AM"
159,"2/23/17 8:05","2/23/17 12:27",104496624,"06fa3a6310eb41adcc36cb9ae1015923","PS-344-10",1,"Barber","ASX","HI",2017,2,2,3,4,2,4,4,4,5,3,5,4,5,5,5,4,4,5,4,4,5,5,4,4,4,6,4,6,6,4,6,5,4,6,4,5,8,4,4,3,3,4,3,3,4,6,6,6,7,6,7,7,6,7,7,6,6,7,7,7,2,6,3,5,4,6,1,2,7,7,5,6,6,6,7,6,3,5,7,3,6,3,3,5,6,2,6,5,7,3,6,6,1,3,6,3,6,4,7,3,7,3,6,3,3,2,2,3,2,2,2,3,3,3,3,2,3,3,5,5,6,4,6,5,4,5,5,6,6,5,5,6,6,7,7,4,6,6,6,6,6,3,4,2,5,4,3,3,4,4,4,4,4,5,5,5,5,6,6,2,5,4,5,6,6,2,1,1,7,1,1,2,6,2,2,4,3,9,7,1,5,6,7,7,6,6,5,6,6,6,7,6,5,6,6,5,6,6,6,6,4,5,6,4,5,0,1,1,1,1,1,0,1,0,1,1,1,1,0,5,6,5,6,7,4,8,8,3.07,5,15746,"2/23/17","12:27 PM"
160,"2/23/17 8:07","2/23/17 8:26",104496588,"159a166f8a48b4bd004ef330b4688ef9","PS-344-04",1,"Barber","NSX","PY",2019,2,3,1,3,2,2,3,4,4,4,4,3,2,5,5,4,5,5,3,4,5,4,5,5,3,4,4,1,0,3,4,4,4,0,3,1,3,2,4,0,0,2,0,4,4,7,5,6,3,2,6,5,4,7,5,4,4,6,6,7,3,7,4,4,5,5,4,3,7,5,4,7,5,5,6,2,4,4,3,4,5,6,2,4,5,1,6,4,2,5,5,7,2,5,5,3,6,3,5,1,5,5,2,3,4,1,3,4,1,4,1,1,4,0,3,1,0,2,8,8,2,6,0,8,6,5,4,7,7,6,5,6,6,6,7,7,7,4,6,5,7,4,4,3,5,4,3,4,4,5,3,4,7,6,6,6,7,5,6,6,5,5,4,6,5,4,6,8,8,6,2,6,7,6,4,1,7,5,4,2,1,7,7,6,2,6,6,7,7,6,3,7,6,7,6,6,6,7,5,7,6,6,6,7,6,0,0,1,0,1,0,1,1,1,1,0,1,1,0,1,8,4,7,7,8,2,3,3.91,2,1166,"2/23/17","8:26 AM"
162,"2/23/17 10:20","2/27/17 21:05",104496525,"7aaab662ddb350d87133e7db646ff87b","PS-344-05",1,"Cotting","MSC","EC",2019,1,2,0,5,5,5,1,1,5,1,4,4,3,5,2,3,4,5,1,3,4,3,4,2,6,8,7,8,7,7,8,8,5,4,8,8,8,7,6,6,8,8,8,8,6,6,2,2,1,5,2,2,5,6,6,4,4,5,4,2,7,6,1,6,1,6,6,1,7,1,7,6,2,6,1,7,5,1,6,1,7,6,1,6,6,3,5,1,2,7,5,7,1,6,5,3,5,1,6,2,6,7,5,4,3,2,1,4,4,3,4,1,4,3,3,3,4,2,8,8,8,8,8,8,8,8,8,7,7,4,5,5,7,6,5,3,7,6,6,6,7,4,5,4,5,5,4,4,4,3,5,0,6,7,6,7,7,6,7,5,3,4,7,5,5,4,1,5,5,5,5,6,3,4,6,1,2,3,3,1,1,7,5,5,2,6,7,4,6,5,2,5,5,7,3,3,7,7,7,7,7,7,7,7,7,1,0,0,1,1,0,1,1,0,1,0,1,1,0,9,8,9,5,7,4,5,8,3.7,9,384335,"2/27/17","9:05 PM"
163,"2/23/17 11:20","2/23/17 11:53",104496609,"7c05e35e18e3dda7703394b3ede8b93c","PS-344-09",1,"Barber","NSX","ME",2019,3,1,3,4,3,5,3,2,3,4,4,3,2,4,3,2,3,3,2,4,5,4,5,3,5,4,2,6,3,3,4,6,3,4,5,3,6,2,8,2,3,3,3,4,6,7,7,7,6,6,6,6,6,7,7,7,7,7,7,7,3,6,2,4,6,6,2,2,7,6,6,5,5,5,6,7,2,6,6,6,5,3,2,5,2,6,5,3,4,3,6,4,3,3,6,3,5,4,6,6,6,2,4,3,1,2,4,3,3,2,2,2,2,2,1,2,2,2,3,6,7,6,4,5,4,7,6,6,6,6,5,7,7,7,6,6,7,6,5,7,6,2,3,1,3,3,3,3,3,3,4,4,5,6,5,6,6,6,6,5,6,6,6,6,6,4,5,6,5,7,4,7,4,6,4,4,2,6,5,4,6,6,6,6,7,7,7,7,7,5,6,7,6,5,6,5,6,7,7,7,2,7,5,5,5,1,1,1,1,1,0,0,1,1,1,0,0,1,0,3,5,8,5,9,4,4,6,3.107,5,1989,"2/23/17","11:53 AM"
165,"2/16/17 7:40","2/24/17 7:56",104496543,"9b6508ccd276178752f1f3c90aedb8d4","PS-344-05",1,"Cotting","AS","ME",2019,2,3,2,3,2,4,2,2,3,2,3,3,3,4,4,2,2,3,3,2,4,3,3,3,5,4,3,5,5,5,4,3,3,5,3,4,6,2,8,5,3,7,4,4,6,6,5,4,6,5,6,6,6,6,6,5,6,6,5,6,3,6,1,6,3,6,3,2,7,6,7,6,6,6,6,2,3,2,5,5,5,6,1,5,5,2,6,2,5,3,5,6,2,5,5,3,6,2,6,2,6,5,2,2,2,3,4,4,4,2,1,3,2,3,2,2,3,3,7,7,7,5,4,7,4,7,5,6,6,6,4,6,6,6,6,6,6,3,5,6,6,3,4,3,5,3,4,4,4,4,4,3,6,5,6,6,5,6,6,5,6,4,3,6,5,4,5,5,6,5,3,6,4,7,7,3,4,6,5,3,4,5,6,6,6,6,5,5,6,6,6,6,6,5,6,5,6,5,5,6,6,6,6,6,6,1,1,0,0,0,1,0,0,0,1,1,0,1,0,8,8,7,9,9,6,9,9,2.8,7,692114,"2/24/17","7:55 AM"
166,"2/17/17 9:42","2/26/17 9:35",104496531,"ada9c13b2d36ed102e6706262318e72d","PS-344-05",1,"Cotting","MSC","IS",2019,4,2,4,3,1,5,2,1,5,4,5,5,1,5,5,3,5,4,3,3,5,3,3,3,6,6,6,6,6,6,6,6,6,6,6,6,6,6,6,6,6,6,6,6,7,7,7,7,7,7,7,7,7,7,7,7,7,7,7,4,7,7,4,4,3,7,7,1,7,6,6,7,7,6,6,5,7,4,7,3,4,6,1,6,6,1,7,1,6,5,7,7,1,2,6,7,6,4,7,4,7,3,4,1,2,2,0,2,2,4,0,3,2,0,1,1,4,2,8,8,8,6,6,8,7,8,8,7,7,7,7,4,7,7,7,7,7,7,7,7,7,2,5,2,5,5,5,3,5,5,5,4,6,7,6,6,6,6,6,7,7,6,5,7,6,2,0,2,6,4,4,4,2,4,4,2,3,1,3,1,1,7,7,7,7,7,7,7,7,7,7,7,7,7,7,7,7,7,7,7,7,7,7,7,7,1,0,0,0,1,0,0,1,1,1,1,0,1,0,7,8,9,5,5,6,9,9,3.1,8,777167,"2/26/17","9:35 AM"
167,"2/26/17 8:35","2/26/17 10:07",104496554,"d9b05a7c36bd4977ff3c641ecb10ef32","PS-344-06",1,"Cotting","AS","BI",2017,2,3,3,2,2,5,3,3,3,3,4,5,1,2,5,3,4,2,5,5,5,3,4,2,5,8,3,4,5,4,5,4,4,6,4,4,7,3,8,7,2,4,6,4,6,7,7,7,7,6,7,7,7,7,7,7,7,7,7,4,4,6,1,5,6,7,6,2,6,5,7,7,4,4,4,7,7,2,5,2,7,7,2,4,4,6,7,1,5,4,7,6,2,3,5,7,6,4,6,5,7,7,2,1,2,4,2,4,3,2,3,2,2,4,3,4,3,2,4,8,6,4,5,8,3,8,8,7,7,6,6,7,7,7,7,7,7,7,6,7,6,4,4,3,5,5,4,4,5,5,5,4,5,4,6,5,4,5,5,4,4,5,3,7,4,5,4,8,6,5,4,6,3,4,6,3,4,9,3,5,1,6,6,5,7,7,7,6,7,6,6,6,7,6,6,6,7,7,7,5,5,6,6,5,7,1,0,1,0,1,0,0,0,1,1,1,0,1,1,5,6,5,4,5,4,6,6,3.45,7,5554,"2/26/17","10:07 AM"
168,"2/26/17 11:25","2/26/17 14:40",104496577,"37e193bb093aadec6f19623c67b4e1fd","PS-344-07",1,"Cotting","ASX","EC",2019,3,2,4,2,3,4,4,2,2,3,4,3,2,4,4,2,4,3,2,4,4,2,4,3,3,3,2,2,2,5,2,3,5,6,6,3,7,3,7,7,2,4,0,6,6,6,3,3,6,5,3,4,4,6,5,4,5,7,5,2,3,5,3,4,2,5,5,5,5,6,4,6,6,3,3,4,5,5,4,3,4,5,4,4,6,4,6,5,5,4,3,6,4,3,4,3,5,3,4,4,5,5,4,4,4,3,1,2,4,3,1,1,2,3,4,2,2,1,4,8,8,6,8,8,6,8,4,7,7,4,7,7,5,6,6,6,7,4,7,7,7,3,3,3,3,3,3,3,3,3,3,2,3,4,4,4,4,4,4,4,4,4,4,4,4,4,4,4,4,4,4,4,4,4,4,5,5,5,5,5,5,4,4,4,4,4,4,4,4,4,4,4,4,4,4,4,4,4,4,4,4,4,4,4,4,1,0,1,1,1,0,1,1,1,1,1,1,1,1,5,4,5,5,5,4,5,5,2.7,5,11674,"2/26/17","2:39 PM"
169,"2/26/17 14:41","2/27/17 12:28",104496512,"c220a3590a872c9a2bd3155861104529","PS-344-08",1,"Mason","MCX","EC",2018,4,1,4,5,3,5,4,4,5,5,4,4,5,5,4,5,5,4,4,4,5,3,5,4,6,8,6,8,7,7,6,6,7,8,6,7,8,7,8,6,4,5,4,6,6,7,7,7,6,5,6,7,4,7,6,6,5,7,5,5,2,6,2,5,2,5,5,1,7,5,6,6,5,4,3,3,5,3,6,2,7,5,1,6,6,3,7,6,7,2,5,6,1,1,7,5,6,2,5,2,6,4,6,2,2,2,0,3,3,3,3,3,2,2,2,3,3,2,7,6,7,5,5,4,4,7,6,5,5,5,6,5,6,5,7,5,5,4,6,6,6,3,4,2,5,3,4,3,5,4,4,4,6,6,7,7,6,6,6,7,7,7,6,7,5,3,4,6,4,4,3,4,5,7,8,3,2,7,4,4,2,5,5,5,5,6,6,5,5,4,6,5,4,5,3,3,4,4,6,6,4,4,4,5,6,1,1,0,1,1,0,1,1,1,1,1,1,1,0,7,5,6,4,7,3,8,8,NA,5,78378,"2/27/17","12:27 PM"
170,"2/26/17 16:30","2/27/17 10:35",104496571,"3a708eb11c7e152f76129c7b00eacdf3","PS-344-07",1,"Cotting","MSC","CE",2019,2,2,4,4,2,4,2,2,4,2,4,4,3,4,4,2,2,4,2,3,4,2,3,3,6,4,4,8,6,6,5,4,4,8,5,7,8,6,6,3,3,5,4,4,6,7,7,5,7,6,6,5,6,7,7,7,6,7,7,4,4,5,5,3,3,6,2,2,7,6,2,7,6,6,6,5,1,4,5,3,5,3,5,5,5,3,6,6,4,3,6,5,2,3,5,4,5,5,6,4,6,2,5,1,2,2,2,1,4,2,2,2,3,3,2,1,2,2,6,6,4,3,6,6,4,6,6,6,6,5,6,7,6,6,6,6,6,7,6,7,6,3,3,2,4,3,2,2,4,4,4,4,6,6,6,6,6,6,6,6,6,6,5,6,6,2,2,2,6,2,2,2,3,4,4,3,5,7,5,3,8,6,6,5,6,6,6,6,6,6,6,6,6,7,6,5,6,6,6,6,6,6,5,6,6,1,0,1,1,1,1,0,1,1,1,1,1,1,0,5,6,3,3,3,2,9,8,2.919,7,65092,"2/27/17","10:34 AM"
171,"2/26/17 17:36","2/26/17 21:24",104496580,"e20252e12c56fdd0cee945c9ff7a1ad7","PS-344-07",1,"Cotting","MSC","PY",2019,4,3,3,3,1,5,4,1,2,5,5,5,3,4,5,3,4,4,4,3,5,4,5,3,4,6,6,4,8,6,6,8,6,8,8,6,8,4,8,8,6,8,6,8,6,7,7,7,6,4,6,7,7,7,6,5,5,7,2,6,6,7,2,5,6,7,6,2,6,7,7,7,4,5,6,7,5,4,6,6,7,7,3,5,7,4,7,2,3,7,6,7,2,4,7,7,7,4,5,4,7,6,2,1,3,1,0,3,4,1,1,3,2,2,3,3,3,2,6,8,8,8,8,8,8,8,8,6,7,6,7,7,6,6,5,7,5,6,6,7,4,5,2,5,5,4,5,5,5,5,5,4,7,7,7,7,7,7,7,7,7,7,7,7,7,2,6,8,4,2,2,6,4,0,4,4,3,9,3,1,4,7,7,5,7,7,7,7,7,5,7,7,7,7,3,4,6,7,7,7,6,4,3,1,6,1,1,0,0,1,0,0,1,1,1,1,0,1,0,1,4,1,3,9,4,9,9,2.998,5,13681,"2/26/17","9:23 PM"
172,"2/27/17 7:21","3/8/17 21:43",104496533,"a83fbe7d5a1b97d98d991779d2f36473","PS-344-05",1,"Cotting","AS","CE",2019,2,3,3,3,3,4,4,4,2,2,4,4,4,4,4,4,4,3,4,4,4,4,4,4,4,6,4,2,5,6,6,6,6,6,6,2,6,3,4,3,4,4,3,5,4,3,5,4,6,5,4,3,4,4,5,3,4,4,6,4,5,5,4,3,4,4,3,4,3,4,3,4,4,4,5,5,5,4,2,3,4,3,4,4,3,4,3,5,5,5,4,3,4,5,5,3,5,4,3,5,4,3,4,2,3,3,2,3,2,3,2,2,1,3,2,2,1,2,3,4,5,3,4,4,5,3,2,5,3,4,5,3,3,4,5,3,4,5,4,4,5,3,4,3,2,3,2,3,3,3,3,2,4,3,5,5,3,4,3,4,5,4,4,3,5,4,5,3,4,4,4,3,3,3,3,5,6,6,5,4,5,4,5,3,5,4,4,4,3,5,4,4,5,4,3,4,5,5,4,4,5,4,3,4,3,1,0,1,1,1,0,0,1,1,1,0,0,1,0,6,4,4,4,5,4,4,5,NA,5,829298,"3/8/17","9:42 PM"
173,"2/27/17 19:49","2/27/17 20:33",104496569,"71a92cdb5f843a5e0090ecb32dc58ae0","PS-344-07",1,"Cotting","MSX","EC",2019,1,3,4,3,4,3,4,4,4,3,4,4,4,4,4,4,4,4,3,2,4,4,4,4,5,5,4,4,5,5,5,5,4,4,5,4,5,4,5,5,3,5,2,4,6,6,6,6,5,4,5,6,6,6,6,6,6,7,6,5,5,5,3,5,5,5,5,3,5,5,5,5,5,3,5,5,5,3,5,5,5,5,3,5,3,5,5,3,3,5,5,5,3,3,5,5,5,3,5,5,5,5,3,2,1,3,3,3,3,1,1,3,2,3,2,2,3,2,5,5,5,5,5,5,4,5,5,6,6,6,6,6,6,6,6,5,6,6,6,6,6,4,4,2,4,2,4,4,4,4,3,4,4,5,5,5,5,5,5,4,5,5,5,5,5,4,5,5,5,5,3,4,5,5,5,4,4,5,4,4,4,5,5,5,5,5,5,5,6,5,6,5,6,5,5,5,5,5,5,5,5,5,3,5,5,0,1,0,0,0,0,0,1,0,1,1,0,1,0,5,5,6,4,5,5,6,6,2.49,9,2619,"2/27/17","8:32 PM"
174,"2/27/17 21:17","2/27/17 22:41",104496508,"1c300b1fc37c5c1548a90527e903c082","PS-344-08",1,"Mason","MSX","PS",2019,3,2,3,2,3,3,4,4,4,5,4,3,5,5,4,4,1,4,4,3,5,2,5,5,4,5,1,7,8,7,7,6,4,8,7,8,6,2,8,8,1,8,1,6,7,7,6,6,7,4,5,4,6,7,7,4,7,7,7,7,2,6,4,4,3,6,1,6,5,2,6,7,4,6,6,7,3,5,7,4,6,3,4,4,7,2,6,5,2,7,5,6,1,1,6,4,6,2,5,2,7,1,1,0,3,1,2,2,1,3,2,1,3,2,3,1,0,2,8,8,7,8,8,8,8,8,8,6,7,5,7,7,6,5,4,6,7,3,3,7,6,2,1,3,5,4,3,3,3,4,4,4,6,7,7,7,7,7,7,7,6,7,7,6,7,1,0,3,3,1,1,1,2,1,1,1,3,6,5,2,1,7,7,4,6,7,7,7,6,6,6,7,7,7,6,6,7,7,7,3,4,2,2,4,4,0,0,1,0,1,0,0,1,0,1,1,1,1,0,2,7,4,3,1,4,5,5,2.53,9,5011,"2/27/17","10:40 PM"
175,"2/27/17 10:17","3/2/17 11:13",104496568,"88bed51ecd998a53d10468591c5cebd4","PS-344-07",1,"Cotting","MSC","PY",2019,2,2,3,4,1,5,3,2,3,2,5,4,2,3,4,2,3,3,3,4,4,5,2,2,6,5,4,4,6,6,7,4,5,8,4,7,8,2,7,4,3,4,6,6,7,7,7,7,7,7,7,5,5,6,6,6,6,7,7,2,4,6,3,5,2,7,4,5,5,4,6,6,5,6,5,3,4,2,5,2,7,6,2,5,6,3,6,2,6,3,6,5,3,4,5,5,4,4,6,7,6,4,7,3,3,2,2,3,3,3,2,2,3,3,3,2,3,3,5,5,5,5,5,5,3,7,7,7,7,6,7,7,7,6,6,6,7,7,7,7,6,3,3,3,4,5,3,4,3,4,5,4,6,7,6,5,6,7,7,7,6,6,7,6,6,4,4,6,5,4,4,6,4,4,3,7,6,3,8,5,5,6,5,6,6,7,6,7,6,5,5,6,6,6,5,5,6,6,6,2,3,4,3,4,3,1,1,1,0,1,0,0,1,0,1,1,1,1,0,7,7,9,5,8,7,7,7,NA,9,262545,"3/2/17","11:12 AM"
176,"2/28/17 15:26","2/28/17 17:05",104496573,"e4209c9c25a60c21a47593c0d5394ece","PS-344-07",1,"Cotting","ASX","EC",2019,1,3,3,5,2,5,5,5,3,2,5,5,3,5,5,3,4,5,5,5,3,5,5,4,3,2,3,3,8,4,1,8,8,8,5,5,7,4,8,8,3,8,8,3,7,7,7,7,7,7,7,7,7,7,7,7,7,7,7,4,4,7,1,7,1,7,4,1,7,7,6,7,6,7,7,7,7,6,7,1,7,7,4,7,7,7,7,4,7,1,7,7,3,1,7,7,7,4,7,7,7,7,7,4,1,4,4,4,4,2,2,2,2,2,2,2,2,2,8,8,8,1,8,8,1,8,6,6,7,7,7,7,7,6,7,4,7,4,7,7,7,1,3,1,5,1,1,5,5,5,4,2,7,7,5,5,3,7,7,5,7,7,2,7,4,5,0,7,8,5,0,8,8,5,7,1,5,5,9,6,5,7,7,4,4,4,5,7,7,7,6,7,7,4,7,7,7,5,5,7,5,3,7,7,4,1,0,0,1,1,1,0,1,1,1,0,0,1,1,1,8,5,5,9,5,9,9,2.25,5,5936,"2/28/17","5:05 PM"
177,"2/28/17 23:00","2/28/17 23:54",104496544,"e180af1281c731ef6dec8c6d179144b3","PS-344-05",1,"Cotting","MSX","EN",2019,2,2,2,2,1,1,5,2,3,5,3,5,3,4,5,5,5,4,4,5,5,2,5,3,3,4,5,7,8,2,4,4,2,8,4,6,8,2,2,8,4,6,6,6,7,7,6,7,7,7,7,5,7,7,7,6,7,7,7,7,2,6,4,3,7,7,3,5,7,6,4,6,7,5,6,6,4,7,7,7,6,4,3,3,7,3,7,6,4,7,6,7,3,1,7,3,7,7,6,3,6,2,6,3,4,2,0,3,4,4,1,1,2,2,4,1,2,4,8,8,2,6,8,8,6,2,3,7,7,5,7,7,5,6,7,6,7,6,7,7,5,3,3,1,5,3,3,4,5,4,3,4,6,7,7,6,6,7,6,6,7,6,6,7,5,3,2,0,1,4,2,3,5,4,8,1,1,8,7,2,1,5,4,4,4,6,6,6,6,6,6,6,6,6,6,6,6,6,6,5,3,5,4,4,3,1,1,0,1,0,0,1,1,0,1,1,1,0,0,5,6,4,2,4,2,4,2,NA,5,3223,"2/28/17","11:54 PM"
178,"2/28/17 23:38","2/28/17 23:45",104496519,"5f702622141d02cb584f63f7a423d541","PS-344-08",1,"Mason","MSX","CE",2019,2,2,2,4,4,4,4,5,5,4,4,4,4,4,4,4,3,4,5,5,4,4,4,4,7,7,7,7,7,7,7,8,8,8,7,7,7,7,6,5,5,6,7,7,6,7,7,7,6,6,6,7,6,7,7,7,6,6,6,6,2,6,6,6,2,6,2,2,6,6,2,6,6,6,6,6,2,6,6,1,6,2,3,6,5,3,6,6,7,1,6,7,1,2,6,1,7,4,6,2,6,2,6,3,3,1,3,1,1,3,3,3,1,1,1,1,3,3,5,1,1,1,1,1,1,1,1,3,2,3,2,2,3,2,3,2,3,2,3,2,3,2,2,3,2,3,3,4,4,3,2,2,2,2,2,5,2,3,2,5,3,6,5,5,5,7,7,6,2,3,6,7,1,6,7,7,2,8,4,3,5,3,2,2,3,2,2,2,2,2,3,2,2,6,2,3,2,2,2,2,6,2,6,2,6,0,1,0,0,0,1,0,0,0,0,0,0,0,0,8,1,8,8,8,4,8,8,2.78,1,411,"2/28/17","11:45 PM"
179,"2/26/17 11:52","3/1/17 14:40",104496509,"6a946e1d4559430b8e3d5cc89fb64c8d","PS-344-08",1,"Mason","NS","CE",2018,4,2,4,5,4,1,4,1,5,3,2,3,4,4,4,4,4,5,4,3,5,2,4,5,7,7,7,1,6,7,7,7,7,8,6,2,4,7,6,0,4,4,0,6,6,6,6,6,6,5,7,5,6,6,6,6,6,7,5,7,5,5,1,7,7,5,3,1,7,7,6,6,3,7,3,6,5,1,7,7,7,7,1,7,1,7,5,2,7,7,4,7,2,1,7,6,6,1,7,7,7,4,5,4,3,3,3,4,4,2,2,3,2,4,3,2,4,2,8,8,8,7,6,8,8,4,3,6,6,6,6,6,6,6,7,6,7,6,7,6,7,3,2,2,5,5,2,1,5,4,4,4,6,7,4,5,7,7,6,7,7,6,7,7,7,7,5,7,6,8,4,4,4,6,6,3,3,5,2,1,3,7,6,7,7,7,7,7,7,7,6,7,7,7,6,6,7,7,7,6,6,6,6,6,6,1,1,0,1,1,0,0,1,0,1,1,0,1,0,8,7,9,8,9,6,8,9,2.9,9,269264,"3/1/17","2:39 PM"
180,"3/1/17 14:09","3/1/17 15:08",104496542,"39abfa518e0ec9a31369f7f4ca975f26","PS-344-05",1,"Cotting","MC","EC",2019,3,2,3,4,3,2,4,4,5,3,4,4,4,4,4,5,2,5,3,4,5,4,4,4,6,6,6,7,8,8,6,8,7,5,6,7,8,8,6,6,6,8,4,6,7,7,7,6,7,7,7,7,7,7,7,7,7,7,7,4,6,7,1,7,1,7,4,1,7,7,6,7,7,5,6,7,7,1,7,6,6,7,1,7,7,6,7,2,6,7,6,7,1,1,6,3,7,1,5,3,7,7,1,2,2,3,2,4,4,3,3,3,4,4,3,3,2,3,8,8,8,7,8,8,7,8,8,7,7,3,6,7,6,6,6,7,7,6,6,7,5,4,4,4,5,3,5,5,5,5,3,4,6,7,6,7,7,7,7,7,7,6,7,7,6,3,4,8,7,4,2,5,4,5,6,1,1,8,1,1,1,7,7,6,6,7,7,7,7,6,7,6,7,7,6,6,6,7,7,7,7,7,7,7,7,1,1,0,1,0,0,0,0,0,0,1,1,1,0,9,8,9,9,9,8,9,9,2.513,9,3580,"3/1/17","3:08 PM"
183,"3/20/17 20:49","4/5/17 14:53",104496576,"f584afa0b1bdfc76d01c7538ab22b077","PS-344-07",1,"Cotting","MSC","PY",2019,2,3,2,2,3,3,4,2,3,5,4,4,2,4,4,3,4,3,3,3,4,3,4,2,5,6,3,5,5,6,6,5,5,6,3,5,3,4,6,6,5,5,4,5,6,6,6,6,6,6,6,6,6,6,6,6,6,6,6,2,4,5,2,5,6,5,3,3,6,4,5,5,4,6,3,5,4,3,2,2,6,5,2,5,5,3,6,2,3,2,5,5,2,5,2,6,5,2,6,3,5,5,2,3,2,2,3,3,3,2,1,3,3,2,2,1,3,3,8,8,6,6,8,8,5,8,8,5,6,6,7,6,6,5,6,3,6,5,6,7,6,3,4,3,4,5,3,3,4,3,5,2,3,5,6,5,3,5,4,3,6,4,5,5,3,2,4,7,4,3,3,2,2,4,2,3,3,3,2,8,3,6,6,5,6,5,6,5,5,6,5,5,6,6,3,5,5,5,6,5,2,5,2,3,6,1,1,0,0,1,0,1,1,0,1,1,0,1,0,3,5,6,5,3,5,8,5,2.3,7,1361004,"4/5/17","2:52 PM"
184,"3/29/17 19:31","3/29/17 20:29",104496528,"8b09b707da09efb64ae4a687b2c7fd74","PS-344-05",1,"Cotting","MS","ME",2019,1,2,4,4,1,4,3,2,4,3,4,5,5,5,3,2,2,4,2,3,5,5,4,4,1,1,1,8,5,3,0,7,3,7,5,7,8,3,7,4,1,5,3,1,6,6,5,6,6,5,6,6,7,6,7,6,7,7,6,6,2,4,7,5,3,5,2,3,6,6,4,5,5,6,4,3,3,4,6,5,4,2,5,5,5,4,4,5,3,5,5,6,2,2,5,2,3,5,6,3,4,2,6,3,2,1,1,1,4,1,1,1,2,4,2,0,0,2,8,8,2,2,2,8,5,4,7,5,4,5,4,6,6,6,6,5,7,5,4,5,6,3,2,2,3,3,2,3,3,3,4,0,5,7,5,6,4,5,6,7,4,5,4,3,4,1,1,3,3,4,3,1,4,3,3,3,4,4,4,3,4,5,6,6,6,6,6,5,6,5,5,6,5,5,5,5,5,5,6,6,6,5,6,5,6,0,0,1,1,0,1,1,0,1,1,1,0,1,0,3,6,8,7,7,5,9,9,2.2,7,3514,"3/29/17","8:26 PM"
185,"4/5/17 10:08","4/5/17 21:29",104496570,"f440a14faa61c19f0f41d0266bf7b148","PS-344-07",2,"Cotting","NSC","BI",2018,1,2,4,3,1,5,4,5,3,4,5,5,3,4,5,4,5,3,4,4,4,5,3,4,4,4,1,4,6,2,6,4,2,6,2,1,7,1,4,3,1,4,2,4,6,6,7,6,5,4,6,5,6,7,6,6,6,5,5,6,2,6,4,5,3,6,4,2,6,5,5,6,5,6,5,6,6,5,5,3,6,4,5,4,6,4,6,5,6,3,6,5,3,2,6,6,6,4,6,2,6,4,2,4,3,2,2,2,3,3,2,1,3,4,3,3,0,2,6,7,4,2,6,7,1,7,6,6,6,4,4,7,6,7,7,6,6,7,6,7,6,2,3,2,4,4,2,2,4,4,4,3,6,6,6,5,5,6,5,5,6,6,5,5,5,2,4,5,3,4,2,4,4,4,6,3,7,8,7,3,7,5,6,6,6,6,6,6,6,6,7,6,7,6,6,6,7,6,6,5,2,6,6,4,4,1,1,1,1,1,1,0,0,1,1,1,1,1,0,3,4,7,8,8,4,7,8,2.196,8,40844,"4/5/17","9:28 PM"
187,"4/12/17 14:25","4/12/17 19:35",104496575,"3e6ed67a25071d6ae83e248f6c73c23b","PS-344-07",1,"Cotting","MSC","PY",2019,2,2,4,3,1,3,2,1,5,1,4,4,3,2,5,2,5,5,5,4,3,3,4,5,5,6,8,5,8,7,6,5,5,8,7,8,5,6,8,7,3,7,6,6,7,7,6,3,7,5,7,4,6,7,7,6,7,7,5,6,6,6,1,5,6,7,3,1,7,6,7,7,3,3,7,7,3,5,6,5,6,3,2,6,6,7,4,1,3,6,6,6,1,2,7,6,5,1,6,1,7,2,3,0,2,2,1,1,1,2,1,2,3,3,3,1,2,2,7,8,6,1,8,7,3,5,6,5,7,2,4,7,7,7,7,7,7,5,6,7,7,3,4,2,3,3,2,1,4,2,4,3,6,7,6,6,7,6,7,5,6,3,7,7,7,0,0,6,5,4,6,2,4,3,3,2,2,7,2,1,4,6,6,6,7,7,7,6,7,5,7,6,6,6,5,5,7,7,7,6,7,6,6,5,6,0,1,1,0,0,0,0,0,0,1,0,0,0,0,4,6,9,7,5,4,7,8,2.9,6,18631,"4/12/17","7:35 PM"
